-- phpMyAdmin SQL Dump
-- version 4.1.14.8
-- http://www.phpmyadmin.net
--
-- Client :  db584778489.db.1and1.com
-- Généré le :  Jeu 07 Janvier 2016 à 11:55
-- Version du serveur :  5.1.73-log
-- Version de PHP :  5.4.45-0+deb7u2

SET SQL_MODE = "NO_AUTO_VALUE_ON_ZERO";
SET time_zone = "+00:00";


/*!40101 SET @OLD_CHARACTER_SET_CLIENT=@@CHARACTER_SET_CLIENT */;
/*!40101 SET @OLD_CHARACTER_SET_RESULTS=@@CHARACTER_SET_RESULTS */;
/*!40101 SET @OLD_COLLATION_CONNECTION=@@COLLATION_CONNECTION */;
/*!40101 SET NAMES utf8 */;

--
-- Base de données :  `db584778489`
--

-- --------------------------------------------------------

--
-- Structure de la table `ps_product_group_reduction_cache`
--

CREATE TABLE IF NOT EXISTS `ps_product_group_reduction_cache` (
  `id_product` int(10) unsigned NOT NULL,
  `id_group` int(10) unsigned NOT NULL,
  `reduction` decimal(4,3) NOT NULL,
  PRIMARY KEY (`id_product`,`id_group`)
) ENGINE=InnoDB DEFAULT CHARSET=utf8;

-- --------------------------------------------------------

--
-- Structure de la table `ps_product_lang`
--

CREATE TABLE IF NOT EXISTS `ps_product_lang` (
  `id_product` int(10) unsigned NOT NULL,
  `id_shop` int(11) unsigned NOT NULL DEFAULT '1',
  `id_lang` int(10) unsigned NOT NULL,
  `description` text,
  `description_short` text,
  `link_rewrite` varchar(128) NOT NULL,
  `meta_description` varchar(255) DEFAULT NULL,
  `meta_keywords` varchar(255) DEFAULT NULL,
  `meta_title` varchar(128) DEFAULT NULL,
  `name` varchar(128) NOT NULL,
  `available_now` varchar(255) DEFAULT NULL,
  `available_later` varchar(255) DEFAULT NULL,
  PRIMARY KEY (`id_product`,`id_shop`,`id_lang`),
  KEY `id_lang` (`id_lang`),
  KEY `name` (`name`)
) ENGINE=InnoDB DEFAULT CHARSET=utf8;

--
-- Contenu de la table `ps_product_lang`
--

INSERT INTO `ps_product_lang` (`id_product`, `id_shop`, `id_lang`, `description`, `description_short`, `link_rewrite`, `meta_description`, `meta_keywords`, `meta_title`, `name`, `available_now`, `available_later`) VALUES
(1, 1, 1, '<p>L''harmonie colorée de ces fleurs fruits, son odeur riche et sucrée en font le bouquet idéal pour rafraîchir les soirées d''été entre amis. Pastèque, duo de melon, fraises, abricots ...</p>\n<p><strong>Dimensions :</strong><br />3/4 pers = diamètre 20 cm hauteur 35 cm / environ 30 pièces<br />5/6 pers = diamètre 25 cm hauteur 40 cm / environ 45 pièces<br />7/8 pers = diamètre 30 cm hauteur 45 cm / environ 65 pièces</p>\n<p><strong>Modèle présenté à l''image : 5/6 personnes</strong></p>\n<p><strong><img src="http://www.bouquet-fruit.fr/img/cms/bando_livraison_LYON.jpg" alt="" width="430" height="52" /></strong></p>', '<p>Bouquet de pastèque, duo de melon, fraises, abricots…</p>', 'bouquet-soir-d-ete', '', '', '', 'Bouquet Soir d''été', '', ''),
(1, 1, 2, '<p>L''harmonie colorée de ces fleurs fruits, son odeur riche et sucrée en font le bouquet idéal pour rafraîchir les soirées d''été entre amis. Pastèque, duo de melon, fraises, abricots ...</p>\n<p><strong>Dimensions :</strong><br />3/4 pers = diamètre 20 cm hauteur 35 cm / environ 30 pièces<br />5/6 pers = diamètre 25 cm hauteur 40 cm / environ 45 pièces<br />7/8 pers = diamètre 30 cm hauteur 45 cm / environ 65 pièces</p>\n<p><strong>Modèle présenté à l''image : 5/6 personnes</strong></p>', '<p>Bouquet de pastèque, duo de melon, fraises, abricots…</p>', 'bouquet-soir-d-ete', '', '', '', 'Bouquet Soir d''été', '', ''),
(2, 1, 1, '<p>Son harmonie colorée de fleurs fruits, son odeur riche et sucrée, flatteront vos sens. Bouquet de fruits frais composé de : fleurs d’ananas, de mangue, de kiwi, d’orange, de fruits de la passion, de raisins et de kumquats.</p>\n<p>Modèle présenté à l''image : 10 personnes</p>\n<p><img src="http://www.bouquet-fruit.fr/img/cms/bando_livraison_LYON.jpg" alt="" width="430" height="52" /></p>', '', 'bouquet-de-fruits-fleurs-gourmandes', '', '', '', 'Bouquet de fruits Fleurs Gourmandes', '', ''),
(2, 1, 2, '<p>Son harmonie colorée de fleurs fruits, son odeur riche et sucrée, flatteront vos sens. Bouquet de fruits frais composé de : fleurs d’ananas, de mangue, de kiwi, d’orange, de fruits de la passion, de raisins et de kumquats.</p>\n<p>Modèle présenté à l''image : 10 personnes</p>', '', 'bouquet-de-fruits-fleurs-gourmandes', '', '', '', 'Bouquet de fruits Fleurs Gourmandes', '', ''),
(3, 1, 1, '<p>Revêt les teintes riches, chaleureuses et odorantes du sous-bois de nos souvenirs. Bouquet de fruits frais composé de : fraises, framboises, groseilles, raisins, fruits de la passion, grenade.</p>\n<p><strong>Dimensions :</strong><br />4 pers = 15 X 15 cm / environ 30 pièces<br />6 pers = 20 X 20 cm / environ 40 pièces<br />8 pers = 20 X 20 cm / environ 50 pièces</p>\n<p><strong>Modèle présenté à l''image : 8 personnes</strong></p>\n<p><strong><img src="http://www.bouquet-fruit.fr/img/cms/bando_livraison_LYON.jpg" alt="" width="430" height="52" /></strong></p>', '', 'bouquet-ballade-sous-bois', '', '', '', 'Bouquet Ballade Sous Bois', '', ''),
(3, 1, 2, '<p>Revêt les teintes riches, chaleureuses et odorantes du sous-bois de nos souvenirs. Bouquet de fruits frais composé de : fraises, framboises, groseilles, raisins, fruits de la passion, grenade.</p>\n<p><strong>Dimensions :</strong><br />4 pers = 15 X 15 cm / environ 30 pièces<br />6 pers = 20 X 20 cm / environ 40 pièces<br />8 pers = 20 X 20 cm / environ 50 pièces</p>\n<p><strong>Modèle présenté à l''image : 8 personnes</strong></p>', '', 'bouquet-ballade-sous-bois', '', '', '', 'Bouquet Ballade Sous Bois', '', ''),
(4, 1, 1, '<p>Comme un bouquet de fleurs... de fruits. <br />Composé de : Ananas, raisins. </p>', '', 'bouquet-fleurs-de-fruits', '', '', '', 'Bouquet Fleurs de fruits', '', ''),
(4, 1, 2, '<p>Comme un bouquet de fleurs... de fruits. <br />Composé de : Ananas, raisins. </p>', '', 'bouquet-fleurs-de-fruits', '', '', '', 'Bouquet Fleurs de fruits', '', ''),
(5, 1, 1, '<p>Une folle créativité caractérise ce bouquet de fruits si audacieux, si lumineux.<br />Composé de : Fleurs d’ananas, oranges, raisins, fraises, framboises.</p>\n<p>Modèle présenté sur la photo : 6 personnes</p>\n<p><img src="http://www.bouquet-fruit.fr/img/cms/bando_livraison_LYON.jpg" alt="" width="430" height="52" /></p>', '', 'bouquet-fleurs-d-ananas', '', '', '', 'Bouquet Fleurs d''Ananas', '', ''),
(5, 1, 2, '<p>Une folle créativité caractérise ce bouquet de fruits si audacieux, si lumineux.<br />Composé de : Fleurs d’ananas, oranges, raisins, fraises, framboises.</p>\n<p>Modèle présenté sur la photo : 6 personnes</p>', '', 'bouquet-fleurs-d-ananas', '', '', '', 'Bouquet Fleurs d''Ananas', '', ''),
(6, 1, 1, '<p>Comme des sucettes acidulées, au bout de leur bâtonnet, chaque fruit fond dans la bouche. Bouquet de fruits frais composés de : oranges juteuses, pomelos rouges sucrés, clémentines, kumquats.</p>\n<p> </p>\n<p>Modèle présenté à l''image : 5/6 personnes</p>\n<p><img src="http://www.bouquet-fruit.fr/img/cms/bando_livraison_LYON.jpg" alt="" width="430" height="52" /></p>', '', 'bouquet-pulpe-d-agrumes', '', '', '', 'Bouquet Pulpe d''Agrumes', '', ''),
(6, 1, 2, '<p>Comme des sucettes acidulées, au bout de leur bâtonnet, chaque fruit fond dans la bouche. Bouquet de fruits frais composés de : oranges juteuses, pomelos rouges sucrés, clémentines, kumquats.</p>\n<p> </p>\n<p>Modèle présenté à l''image : 5/6 personnes</p>', '', 'bouquet-pulpe-d-agrumes', '', '', '', 'Bouquet Pulpe d''Agrumes', '', ''),
(7, 1, 1, '<p>Comme une fleur en pleine éclosion, ce duo de melon se déguste en toutes occasions. Frais et sucré.</p>\n<p> </p>\n<p>Taille du modèle présenté sur la photo: 20 pièces</p>\n<p><img src="http://www.bouquet-fruit.fr/img/cms/bando_livraison_LYON.jpg" alt="" width="430" height="52" /></p>', '', 'bouquet-petales-de-melon', '', '', '', 'Bouquet Pétales de melon', '', ''),
(7, 1, 2, '<p>Comme une fleur en pleine éclosion, ce duo de melon se déguste en toutes occasions. Frais et sucré.</p>\n<p> </p>\n<p>Taille du modèle présenté sur la photo: 20 pièces</p>', '', 'bouquet-petales-de-melon', '', '', '', 'Bouquet Pétales de melon', '', ''),
(8, 1, 1, '<p>Brochettes de fruits frais.<br />Un rayon de soleil composé de brochettes gourmandes,<br />piquées dans un ananas.<br />Brochettes composées de : ananas, raisins, clémentines et autres fruits de saison.</p>\n<p> </p>\n<p>Modèle présenté sur la photo : 50 brochettes de 4 pièces</p>\n<p><img src="http://www.bouquet-fruit.fr/img/cms/bando_livraison_LYON.jpg" alt="" width="430" height="52" /></p>', '', 'brochettes-de-fruits-frais-1-2-3-soleil', '', '', '', 'Brochettes de fruits frais 1, 2, 3 soleil', '', ''),
(8, 1, 2, '<p>Brochettes de fruits frais.<br />Un rayon de soleil composé de brochettes gourmandes,<br />piquées dans un ananas.<br />Brochettes composées de : ananas, raisins, clémentines et autres fruits de saison.</p>\n<p> </p>\n<p>Modèle présenté sur la photo : 50 brochettes de 4 pièces</p>', '', 'brochettes-de-fruits-frais-1-2-3-soleil', '', '', '', 'Brochettes de fruits frais 1, 2, 3 soleil', '', ''),
(9, 1, 1, '<p>Un bouquet de fruits très sensuel avec une touche de gourmandise. Des fraises natures et par-ci, par-là des fraises enrobées de chocolat noir.</p>', '', 'bouquet-coeur-de-fraises-chocolat-noir', '', '', '', 'Bouquet Coeur de Fraises chocolat noir', '', ''),
(9, 1, 2, '<p>Un bouquet de fruits très sensuel avec une touche de gourmandise. Des fraises natures et par-ci, par-là des fraises enrobées de chocolat noir.</p>', '', 'bouquet-coeur-de-fraises-chocolat-noir', '', '', '', 'Bouquet Coeur de Fraises chocolat noir', '', ''),
(10, 1, 1, '<div class="description">\n<div class="std">Le comble du raffinement pour ce bouquet de fruits très sensuel. Des fraises, des fraises et encore des fraises...!</div>\n<p><img src="http://www.bouquet-fruit.fr/img/cms/bando_livraison_LYON.jpg" alt="" width="430" height="52" /></p>\n</div>', '', 'bouquet-coeur-de-fraises', '', '', '', 'Bouquet Coeur de Fraises', '', ''),
(10, 1, 2, '<div class="description">\n<div class="std">Le comble du raffinement pour ce bouquet de fruits très sensuel. Des fraises, des fraises et encore des fraises...!</div>\n<p> </p>\n</div>', '', 'bouquet-coeur-de-fraises', '', '', '', 'Bouquet Coeur de Fraises', '', ''),
(11, 1, 1, '<p>Une folle créativité caractérise ce bouquet de fruits si audacieux, si lumineux. <br />Composé de : Fleurs d’ananas enrobées de chocolat noir, pomelos rouges sucrés, oranges, raisins, kumquats.</p>\n<p>Modèle présenté sur la photo : 6 personnes</p>\n<p><img src="http://www.bouquet-fruit.fr/img/cms/bando_livraison_LYON.jpg" alt="" width="430" height="52" /></p>', '', 'bouquet-fleurs-d-ananas-a-la-mode-chocolat-des-fruits-et-du-chocolat', '', '', '', 'Bouquet Fleurs d''ananas À la mode chocolat, des fruits et du chocolat', '', ''),
(11, 1, 2, '<p>Une folle créativité caractérise ce bouquet de fruits si audacieux, si lumineux. <br />Composé de : Fleurs d’ananas enrobées de chocolat noir, pomelos rouges sucrés, oranges, raisins, kumquats.</p>\n<p>Modèle présenté sur la photo : 6 personnes </p>', '', 'bouquet-fleurs-d-ananas-a-la-mode-chocolat-des-fruits-et-du-chocolat', '', '', '', 'Bouquet Fleurs d''ananas À la mode chocolat, des fruits et du chocolat', '', ''),
(12, 1, 1, '<p>Une trés belle arche recueillant abondamment couleur, texture, fraicheur et douceur. Pyramide de kakis, mandarines, prunes, fraises, groseilles, fruits de la passion, grenade, noix de coco...</p>\n<p> </p>\n<p>petit : environ 35 fruits              moyen : environ 45 fruits</p>\n<p>grand : environ 5 fruits              très grand : environ 75 fruits</p>\n<p>maxi : environ 120 fruits</p>\n<p>Modèle présenté sur la photo : maxi</p>\n<p><img src="http://www.bouquet-fruit.fr/img/cms/bando_livraison_LYON.jpg" alt="" width="430" height="52" /></p>', '', 'corbeille-de-fruits-l-arche-des-saisons', '', '', '', 'Corbeille de fruits L''Arche des Saisons', '', ''),
(12, 1, 2, '<p>Une trés belle arche recueillant abondamment couleur, texture, fraicheur et douceur. Pyramide de kakis, mandarines, prunes, fraises, groseilles, fruits de la passion, grenade, noix de coco...</p>\n<p> </p>\n<p>petit : environ 35 fruits              moyen : environ 45 fruits</p>\n<p>grand : environ 5 fruits              très grand : environ 75 fruits</p>\n<p>maxi : environ 120 fruits</p>\n<p>Modèle présenté sur la photo : maxi</p>', '', 'corbeille-de-fruits-l-arche-des-saisons', '', '', '', 'Corbeille de fruits L''Arche des Saisons', '', ''),
(13, 1, 1, '<p>Comme une invitation à la gourmandise... <br />Assortiment de fruits secs (dattes, figues, pruneaux, abricots, fraises).</p>\n<p><img src="http://www.bouquet-fruit.fr/img/cms/bando_livraison_LYON.jpg" alt="" width="430" height="52" /></p>', '', 'bouquet-mistral-d-automne', '', '', '', 'Bouquet Mistral d''Automne', '', ''),
(13, 1, 2, '<p>Comme une invitation à la gourmandise... <br />Assortiment de fruits secs (dattes, figues, pruneaux, abricots, fraises).</p>', '', 'bouquet-mistral-d-automne', '', '', '', 'Bouquet Mistral d''Automne', '', ''),
(14, 1, 1, '<p>Comme une invitation à la gourmandise... Assortiment de fruits secs : dattes, figues, pruneaux, bananes, abricots, raisins, noix... Le tout agrémenté d''une craquante fleur de noix de coco.</p>\n<p><strong>Dimensions :</strong><br />Petit : environ 50 pièces - diamètre 15 cm<br />Moyen : environ 60 pièces - 20 X 20 cm<br />Grand : environ 80 pièces - 20 X 20 cm</p>\n<p><strong>Modèle présenté sur la photo : petit</strong></p>\n<p><strong><img src="http://www.bouquet-fruit.fr/img/cms/bando_livraison_LYON.jpg" alt="" width="430" height="52" /></strong></p>', '', 'bouquet-bal-d-automne', '', '', '', 'Bouquet Bal d''Automne', '', ''),
(14, 1, 2, '<p>Comme une invitation à la gourmandise... Assortiment de fruits secs : dattes, figues, pruneaux, bananes, abricots, raisins, noix... Le tout agrémenté d''une craquante fleur de noix de coco.</p>\n<p><strong>Dimensions :</strong><br />Petit : environ 50 pièces - diamètre 15 cm<br />Moyen : environ 60 pièces - 20 X 20 cm<br />Grand : environ 80 pièces - 20 X 20 cm</p>\n<p><strong>Modèle présenté sur la photo : petit</strong></p>', '', 'bouquet-bal-d-automne', '', '', '', 'Bouquet Bal d''Automne', '', ''),
(15, 1, 1, '<p>Concentré de fraîcheur et de vitamines dans cette corbeille de fruits frais.<br />Composition : 2 poires, 3 kiwi, 2 bananes, 2 grappes de raisin, 7 clémentines, 2 pommes. soit environ 3 kg de fruits.</p>\n<p>Diamètre : 22 cm</p>\n<p><img src="http://www.bouquet-fruit.fr/img/cms/bando_livraison_LYON.jpg" alt="" width="430" height="52" /></p>', '', 'corbeille-de-fruits', '', '', '', 'Corbeille de fruits', '', ''),
(15, 1, 2, '<p>Concentré de fraîcheur et de vitamines dans cette corbeille de fruits frais.<br />Composition : 2 poires, 3 kiwi, 2 bananes, 2 grappes de raisin, 7 clémentines, 2 pommes. soit environ 3 kg de fruits.</p>\n<p>Diamètre : 22 cm</p>', '', 'corbeille-de-fruits', '', '', '', 'Corbeille de fruits', '', ''),
(16, 1, 1, '<p>Corbeille de fruits frais et chocolats.<br />Composition : poires, kiwi, bananes, grappes de raisin, clémentines, fraises, pommes, oranges, 1 mini oeuf Maxim''s et 2 boules chocolats.</p>\n<p>Diamètre : 22 cm</p>\n<p><img src="http://www.bouquet-fruit.fr/img/cms/bando_livraison_LYON.jpg" alt="" width="430" height="52" /></p>', '', 'corbeille-de-fruits-frais-et-chocolats', '', '', '', 'Corbeille de fruits frais et chocolats', '', ''),
(16, 1, 2, '<p>Corbeille de fruits frais et chocolats.<br />Composition : poires, kiwi, bananes, grappes de raisin, clémentines, fraises, pommes, oranges, 1 mini oeuf Maxim''s et 2 boules chocolats.</p>\n<p>Diamètre : 22 cm</p>', '', 'corbeille-de-fruits-frais-et-chocolats', '', '', '', 'Corbeille de fruits frais et chocolats', '', ''),
(17, 1, 1, '<p>Concentré de fraîcheur et de vitamines dans cette corbeille de fruits exotiques.<br />Composition : mangue, kiwi, grenade, raisin, clémentines, fruits de la passion, oranges.</p>\n<p> </p>\n<p>Diamètre : 22 cm</p>', '', 'corbeille-de-fruits-exotiques', '', '', '', 'Corbeille de fruits exotiques', '', ''),
(17, 1, 2, '<p>Concentré de fraîcheur et de vitamines dans cette corbeille de fruits exotiques.<br />Composition : mangue, kiwi, grenade, raisin, clémentines, fruits de la passion, oranges.</p>\n<p> </p>\n<p>Diamètre : 22 cm</p>', '', 'corbeille-de-fruits-exotiques', '', '', '', 'Corbeille de fruits exotiques', '', ''),
(18, 1, 1, '<p>Une autre vision de la traditionnelle corbeille de fruits ! Un assortiment de fruits frais dans un cube transparent pour apprécier toute la beauté des fruits.</p>\n<p> </p>\n<p>Dimensions : 15 X 15 cm</p>\n<p><img src="http://www.bouquet-fruit.fr/img/cms/bando_livraison_LYON.jpg" alt="" width="430" height="52" /></p>', '', 'corbeille-de-fruits-fruits-box', '', '', '', 'Corbeille de fruits - Fruits box', '', ''),
(18, 1, 2, '<p>Une autre vision de la traditionnelle corbeille de fruits ! Un assortiment de fruits frais dans un cube transparent pour apprécier toute la beauté des fruits.</p>\n<p> </p>\n<p>Dimensions : 15 X 15 cm</p>', '', 'corbeille-de-fruits-fruits-box', '', '', '', 'Corbeille de fruits - Fruits box', '', ''),
(19, 1, 1, '<p>Invitez l''élégance à votre table et cultivez l''art de recevoir. Des tomates cerises et encore des tomates cerises pour cet "arbuste" chic et frais qui ne manque pas de fantaisie.</p>\n<p> </p>\n<p>Modèle présenté sur la photo : 70 pièces - diamètre 18 cm - hauteur 45 cm</p>\n<p><img src="http://www.bouquet-fruit.fr/img/cms/bando_livraison_LYON.jpg" alt="" width="430" height="52" /></p>', '', 'buis-de-tomate', '', '', '', 'Buis de Tomate', '', ''),
(19, 1, 2, '<p>Invitez l''élégance à votre table et cultivez l''art de recevoir. Des tomates cerises et encore des tomates cerises pour cet "arbuste" chic et frais qui ne manque pas de fantaisie.</p>\n<p> </p>\n<p>Modèle présenté sur la photo : 70 pièces - diamètre 18 cm - hauteur 45 cm</p>', '', 'buis-de-tomate', '', '', '', 'Buis de Tomate', '', ''),
(20, 1, 1, '<p>Un petit tour au jardin. Comme une irrésistible envie de fraîcheur... dans ce subtil mélange de légumes. Carottes, radis, choux fleur, tomates cerises et autres délices à croquer.</p>\n<p><strong>Dimensions :</strong><br />Modèle 70 pièces : diamètre 20 cm - hauteur 30 cm<br />Modèle 100 pièces : diamètre 25 cm - hauteur 40 cm<br />Modèle 150 pièces : diamètre 30 cm - hauteur 50 cm</p>\n<p><strong>Modèle présenté sur la photo : 150 pièces</strong></p>\n<p><strong><img src="http://www.bouquet-fruit.fr/img/cms/bando_livraison_LYON.jpg" alt="" width="430" height="52" /></strong></p>', '', 'un-petit-tour-au-jardin', '', '', '', 'Un Petit Tour au Jardin', '', ''),
(20, 1, 2, '<p>Un petit tour au jardin. Comme une irrésistible envie de fraîcheur... dans ce subtil mélange de légumes. Carottes, radis, choux fleur, tomates cerises et autres délices à croquer.</p>\n<p><strong>Dimensions :</strong><br />Modèle 70 pièces : diamètre 20 cm - hauteur 30 cm<br />Modèle 100 pièces : diamètre 25 cm - hauteur 40 cm<br />Modèle 150 pièces : diamètre 30 cm - hauteur 50 cm</p>\n<p><strong>Modèle présenté sur la photo : 150 pièces</strong></p>', '', 'un-petit-tour-au-jardin', '', '', '', 'Un Petit Tour au Jardin', '', ''),
(21, 1, 1, '<div class="description">\n<div class="std">Fruits ou légumes ? Vous n’êtes plus obligés de choisir. Tomates cerises jaunes, tomates cerises rouges, noix de coco, ananas, radis… Composez votre BOUQUET MIMOSAS selon votre envie !</div>\n<div class="std"> </div>\n<div class="std">Dans chaque fleur : environ 30 pèces</div>\n<div class="std"> </div>\n<div class="std">Modèle présenté sur la photo : 4 fleurs</div>\n<div class="std"><img src="http://www.bouquet-fruit.fr/img/cms/bando_livraison_LYON.jpg" alt="" width="430" height="52" /></div>\n</div>', '', 'bouquet-mimosas', '', '', '', 'Bouquet Mimosas', '', ''),
(21, 1, 2, '<div class="description">\n<div class="std">Fruits ou légumes ? Vous n’êtes plus obligés de choisir. Tomates cerises jaunes, tomates cerises rouges, noix de coco, ananas, radis… Composez votre BOUQUET MIMOSAS selon votre envie !</div>\n<div class="std"> </div>\n<div class="std">Dans chaque fleur : environ 30 pèces</div>\n<div class="std"> </div>\n<div class="std">Modèle présenté sur la photo : 4 fleurs</div>\n</div>', '', 'bouquet-mimosas', '', '', '', 'Bouquet Mimosas', '', ''),
(22, 1, 1, '<p>Beaucoup d''élégance dans ce petit arbre de bonbons qui ne manque pas de fantaisie.</p>\n<p><strong>Dimensions :</strong><br />60 pièces : diamètre 15 cm - hauteur 45 cm<br />90 pièces : diamètre 17 cm - hauteur 50 cm<br />120 pièces : diamètre 19 cm - hauteur 60 cm</p>\n<p><strong>Modèle présenté sur la photo : 60 pièces</strong></p>', '', 'bonbons-l-arbre-a-guimauve-vert', '', '', '', 'Bonbons l''arbre à Guimauve vert', '', ''),
(22, 1, 2, '<p>Beaucoup d''élégance dans ce petit arbre de bonbons qui ne manque pas de fantaisie.</p>\n<p><strong>Dimensions :</strong><br />60 pièces : diamètre 15 cm - hauteur 45 cm<br />90 pièces : diamètre 17 cm - hauteur 50 cm<br />120 pièces : diamètre 19 cm - hauteur 60 cm</p>\n<p><strong>Modèle présenté sur la photo : 60 pièces</strong></p>', '', 'bonbons-l-arbre-a-guimauve-vert', '', '', '', 'Bonbons l''arbre à Guimauve vert', '', ''),
(23, 1, 1, '<p>Vous n''en avez pas assez vous des traditionnels bouquets ? Alors créez la surprise en offrant un bouquet composé de ballotins de bonbons dans du feuillage naturel.</p>\n<p> </p>\n<p>Modèle présenté sur la photo : 12 ballotins - diamètre 23 cm</p>', '', 'bouquet-la-ronde-des-bonbons', '', '', '', 'Bouquet La Ronde des Bonbons', '', ''),
(23, 1, 2, '<p>Vous n''en avez pas assez vous des traditionnels bouquets ? Alors créez la surprise en offrant un bouquet composé de ballotins de bonbons dans du feuillage naturel.</p>\n<p> </p>\n<p>Modèle présenté sur la photo : 12 ballotins - diamètre 23 cm</p>', '', 'bouquet-la-ronde-des-bonbons', '', '', '', 'Bouquet La Ronde des Bonbons', '', ''),
(24, 1, 1, '<p>Vous n''en avez pas assez vous des bouquets traditionnels ? Alors créez la surprise en offrant un bouquet composé de ballotins de bonbons Haribo.</p>\n<p><strong>Dimensions :</strong><br />6 pièces : diamètre 20 cm<br />12 pièces : diamètre 26 cm<br />18 pièces : diamètre 30 cm (modèle présenté sur la photo)</p>', '', 'bouquet-de-bonbons-la-ronde-des-couleurs', '', '', '', 'Bouquet de bonbons - La Ronde des Couleurs', '', ''),
(24, 1, 2, '<p>Vous n''en avez pas assez vous des bouquets traditionnels ? Alors créez la surprise en offrant un bouquet composé de ballotins de bonbons Haribo.</p>\n<p><strong>Dimensions :</strong><br />6 pièces : diamètre 20 cm<br />12 pièces : diamètre 26 cm<br />18 pièces : diamètre 30 cm</p>', '', 'bouquet-de-bonbons-la-ronde-des-couleurs', '', '', '', 'Bouquet de bonbons - La Ronde des Couleurs', '', ''),
(25, 1, 1, '<p>Beaucoup de fantaisie dans cet arbre de bonbons composé de fraises tagada rouge et pink en forme de coeur.</p>\n<p> </p>\n<p>Dimensions : diamètre 17 cm - hauteur 43 cm</p>', '', 'bonbons-l-arbre-coeur-tagada', '', '', '', 'Bonbons l''Arbre Coeur Tagada', '', ''),
(25, 1, 2, '<p>Beaucoup de fantaisie dans cet arbre de bonbons composé de fraises tagada rouge et pink en forme de coeur.</p>\n<p> </p>\n<p>Dimensions : diamètre 17 cm - hauteur 43 cm</p>', '', 'bonbons-l-arbre-coeur-tagada', '', '', '', 'Bonbons l''Arbre Coeur Tagada', '', ''),
(26, 1, 1, '<p>Beaucoup d''élégance dans ce petit arbre de bonbons qui ne manque pas de fantaisie.</p>\n<p><strong>Dimensions :</strong><br />60 pièces : diamètre 15 cm - hauteur 45 cm<br />90 pièces : diamètre 17 cm - hauteur 50 cm<br />120 pièces : diamètre 19 cm - hauteur 60 cm</p>\n<p><strong>Modèle présenté sur la photo : 60 pièces</strong></p>', '', 'bonbons-l-arbre-a-guimauve', '', '', '', 'Bonbons l''Arbre à Guimauve Orange', '', ''),
(26, 1, 2, '<p>Beaucoup d''élégance dans ce petit arbre de bonbons qui ne manque pas de fantaisie.</p>\n<p><strong>Dimensions :</strong><br />60 pièces : diamètre 15 cm - hauteur 45 cm<br />90 pièces : diamètre 17 cm - hauteur 50 cm<br />120 pièces : diamètre 19 cm - hauteur 60 cm</p>\n<p><strong>Modèle présenté sur la photo : 60 pièces</strong></p>', '', 'bonbons-l-arbre-a-guimauve', '', '', '', 'Bonbons l''Arbre à Guimauve Orange', '', ''),
(27, 1, 1, '<p>Un gâteau tout en bonbons... HARIBO bien sûr ! </p>\n<p><br />Modèle présenté sur la photo : 60 pièces - 20 X 20 cm<em></em></p>', '', 'gateau-de-bonbons-rose', '', '', '', 'Gâteau de bonbons Rose', '', ''),
(27, 1, 2, '<p>Un gâteau tout en bonbons... HARIBO bien sûr ! </p>\n<p><br />Modèle présenté sur la photo : 60 pièces - 20 X 20 cm<em></em></p>', '', 'gateau-de-bonbons-rose', '', '', '', 'Gâteau de bonbons Rose', '', ''),
(28, 1, 1, '<p>Un gâteau tout en bonbons... HARIBO bien sûr ! </p>\n<p>Modèle présenté sur la photo : 60 pièces - 20 X 20 cm<em><br /></em></p>', '', 'gateau-de-bonbons-vert', '', '', '', 'Gâteau de bonbons vert', '', ''),
(28, 1, 2, '<p>Un gâteau tout en bonbons... HARIBO bien sûr ! </p>\n<p>Modèle présenté sur la photo : 60 pièces - 20 X 20 cm<em><br /></em></p>', '', 'gateau-de-bonbons-vert', '', '', '', 'Gâteau de bonbons vert', '', ''),
(29, 1, 1, '<p>Beaucoup d''élégance dans ce petit arbre de bonbons qui ne manque pas de fantaisie. Un évènement à célébrer ? Mariage, baptême, naissance, il se prête à toutes les occasions.</p>\n<p>Composition : bonbons Haribo, oursons en guimauve, chamallow, fleur de dragées.</p>\n<p><strong>Dimensions :</strong><br />60 pièces : diamètre 15 cm - hauteur 45 cm<br />90 pièces : diamètre 17 cm - hauteur 50 cm<br />120 pièces : diamètre 19 cm - hauteur 60 cm</p>\n<p><br /><strong>Modèle présenté sur la photo : 120 pièces</strong></p>', '', 'bonbons-l-arbre-a-guimauve-event-s-rose', '', '', '', 'Bonbons l''arbre à Guimauve Event''s Rose', '', ''),
(29, 1, 2, '<p>Beaucoup d''élégance dans ce petit arbre de bonbons qui ne manque pas de fantaisie. Un évènement à célébrer ? Mariage, baptême, naissance, il se prête à toutes les occasions.</p>\n<p>Composition : bonbons Haribo, oursons en guimauve, chamallow, fleur de dragées.</p>\n<p><strong>Dimensions :</strong><br />60 pièces : diamètre 15 cm - hauteur 45 cm<br />90 pièces : diamètre 17 cm - hauteur 50 cm<br />120 pièces : diamètre 19 cm - hauteur 60 cm</p>\n<p><br /><strong>Modèle présenté sur la photo : 120 pièces</strong></p>', '', 'bonbons-l-arbre-a-guimauve-event-s-rose', '', '', '', 'Bonbons l''arbre à Guimauve Event''s Rose', '', ''),
(30, 1, 1, '<p>Beaucoup d''élégance dans ce petit arbre de bonbons qui ne manque pas de fantaisie. Un évènement à célébrer ? Mariage, baptême, naissance, il se prête à toutes les occasions.</p>\n<p>Composition : bonbons Haribo, oursons en guimauve, chamallow, fleur de dragées.</p>\n<p><strong>Dimensions :</strong><br />60 pièces : diamètre 15 cm - hauteur 45 cm<br />90 pièces : diamètre 17 cm - hauteur 50 cm<br />120 pièces : diamètre 19 cm - hauteur 60 cm</p>\n<p><strong>Modèle présenté sur la photo : 120 pièces</strong></p>', '', 'bonbons-l-arbre-a-guimauve-event-s-bleu', '', '', '', 'Bonbons l''arbre à Guimauve Event''s Bleu', '', ''),
(30, 1, 2, '<p>Beaucoup d''élégance dans ce petit arbre de bonbons qui ne manque pas de fantaisie. Un évènement à célébrer ? Mariage, baptême, naissance, il se prête à toutes les occasions.</p>\n<p>Composition : bonbons Haribo, oursons en guimauve, chamallow, fleur de dragées.</p>\n<p><strong>Dimensions :</strong><br />60 pièces : diamètre 15 cm - hauteur 45 cm<br />90 pièces : diamètre 17 cm - hauteur 50 cm<br />120 pièces : diamètre 19 cm - hauteur 60 cm</p>\n<p><strong>Modèle présenté sur la photo : 120 pièces</strong></p>', '', 'bonbons-l-arbre-a-guimauve-event-s-bleu', '', '', '', 'Bonbons l''arbre à Guimauve Event''s Bleu', '', ''),
(31, 1, 1, '<p>Une farandole de bonbons en bouquet. Idéal pour les goûters d''anniversaire, communions, baptêmes ou par simple gourmandise.</p>\n<p><strong>Dimensions :</strong><br />60 pièces : diamètre 12 cm - hauteur 22 cm<br />90 pièces : diamètre 15 cm - hauteur 25 cm<br />120 pièces : diamètre 18 cm - hauteur 30 cm</p>\n<p><strong>Modèle présenté sur la photo : 90 pièces</strong></p>', '', 'bouquet-de-bonbons-mistral-gourmand', '', '', '', 'Bouquet de bonbons - Mistral Gourmand', '', ''),
(31, 1, 2, '<p>Une farandole de bonbons en bouquet. Idéal pour les goûters d''anniversaire, communions, baptêmes ou par simple gourmandise.</p>\n<p><strong>Dimensions :</strong><br />60 pièces : diamètre 12 cm - hauteur 22 cm<br />90 pièces : diamètre 15 cm - hauteur 25 cm<br />120 pièces : diamètre 18 cm - hauteur 30 cm</p>\n<p><strong>Modèle présenté sur la photo : 90 pièces</strong></p>', '', 'bouquet-de-bonbons-mistral-gourmand', '', '', '', 'Bouquet de bonbons - Mistral Gourmand', '', ''),
(32, 1, 1, '<p>Tel un brin de muguet à la belle saison, ce bouquet de bonbons (Haribo) sera un cadeau original que chaque enfant emportera avec lui. Et que la fête continue !</p>\n<p>dimensions : diamètre 9 cm - longueur 25 cm - environ 20 bonbons</p>', '', 'bouquet-un-brin-de-bonbons', '', '', '', 'Bouquet Un brin de... bonbons', '', ''),
(32, 1, 2, '<p>Tel un brin de muguet à la belle saison, ce bouquet de bonbons (Haribo) sera un cadeau original que chaque enfant emportera avec lui. Et que la fête continue !</p>\n<p>dimensions : diamètre 9 cm - longueur 25 cm - environ 20 bonbons</p>', '', 'bouquet-un-brin-de-bonbons', '', '', '', 'Bouquet Un brin de... bonbons', '', ''),
(33, 1, 1, '<p>Parce que les enfants ne sont pas les seuls à aimer les bonbons, BOUQUET à Croquer a imaginé ce joli cube rempli de douceurs et décoré d''un bambou.</p>\n<p>Dimensions : 8X20X30 cm</p>', '', 'candy-box-bonbons', '', '', '', 'Candy Box Bonbons', '', ''),
(33, 1, 2, '<p>Parce que les enfants ne sont pas les seuls à aimer les bonbons, BOUQUET à Croquer a imaginé ce joli cube rempli de douceurs et décoré d''un bambou.</p>\n<p>Dimensions : 8X20X30 cm</p>', '', 'candy-box-bonbons', '', '', '', 'Candy Box Bonbons', '', ''),
(34, 1, 1, '<p>Vous n''en avez pas assez vous des bouquets traditionnels ? Alors créez la surprise en offrant un bouquet composé de macarons, chocolats, ballotins de bonbons, pâtes de fruits, fleur en pâte d''amande, fleur de dragées, dans du feuillage naturel.</p>\n<p>Modèle 18 pièces -  diamètre environ 23 cm</p>', '', 'bouquet-la-ronde-des-saveurs', '', '', '', 'Bouquet La Ronde des Saveurs', '', ''),
(34, 1, 2, '<p>Vous n''en avez pas assez vous des bouquets traditionnels ? Alors créez la surprise en offrant un bouquet composé de macarons, chocolats, ballotins de bonbons, pâtes de fruits, fleur en pâte d''amande, fleur de dragées, dans du feuillage naturel.</p>\n<p>Modèle 18 pièces -  diamètre environ 23 cm</p>', '', 'bouquet-la-ronde-des-saveurs', '', '', '', 'Bouquet La Ronde des Saveurs', '', ''),
(35, 1, 1, '<p>Un bouquet gourmand très coloré, composé de nougat, chocolat, caramel, pâte de fruits, rose en pâte d''amande, M&amp;M''s et berlingots.</p>\n<p><strong>Dimensions :</strong><br />6 pièces : diamètre 15 cm<br />12 pièces : diamètre 23 cm<br />18 pièces : diamètre 26 cm</p>', '', 'bouquet-gourmand', '', '', '', 'Bouquet gourmand', '', ''),
(35, 1, 2, '<p>Un bouquet gourmand très coloré, composé de nougat, chocolat, caramel, pâte de fruits, rose en pâte d''amande, M&amp;M''s et berlingots.</p>\n<p><strong>Dimensions :</strong><br />6 pièces : diamètre 15 cm<br />12 pièces : diamètre 23 cm<br />18 pièces : diamètre 26 cm</p>', '', 'bouquet-gourmand', '', '', '', 'Bouquet gourmand', '', ''),
(36, 1, 1, '<p>Vous n''en avez pas assez vous des traditionnels bouquets ? Alors créez la surprise en offrant un bouquet composé de ballotins de bonbons dans du feuillage naturel.</p>', '', 'bouquet-la-ronde-des-bonbons', '', '', '', 'Bouquet La Ronde des Bonbons', '', ''),
(36, 1, 2, '<p>Vous n''en avez pas assez vous des traditionnels bouquets ? Alors créez la surprise en offrant un bouquet composé de ballotins de bonbons dans du feuillage naturel.</p>', '', 'bouquet-la-ronde-des-bonbons', '', '', '', 'Bouquet La Ronde des Bonbons', '', ''),
(37, 1, 1, '<p>Une farandole de ballotins de M&amp;M''s. Un délice coloré !</p>\n<p>Modèle présenté sur la photo : 12 pièces - environ 23 cm</p>', '', 'bouquet-la-ronde-des-mm-s', '', '', '', 'Bouquet La Ronde des M&M''S', '', ''),
(37, 1, 2, '<p>Une farandole de ballotins de M&amp;M''s. Un délice coloré !</p>\n<p>Modèle présenté sur la photo : 12 pièces - environ 23 cm</p>', '', 'bouquet-la-ronde-des-mm-s', '', '', '', 'Bouquet La Ronde des M&M''S', '', ''),
(38, 1, 1, '<p>Très chic le BOUQUET choc''. Un assortiment de chocolats emballé de couleurs.</p>\n<p>Dimensions : diamètre environ 30 cm</p>', '', 'bouquet-de-chocolats-choc-couleurs', '', '', '', 'Bouquet de chocolats Choc'' Couleurs', '', ''),
(38, 1, 2, '<p>Très chic le BOUQUET choc''. Un assortiment de chocolats emballé de couleurs.</p>\n<p>Dimensions : diamètre environ 30 cm</p>', '', 'bouquet-de-chocolats-choc-couleurs', '', '', '', 'Bouquet de chocolats Choc'' Couleurs', '', ''),
(39, 1, 1, '<p>Très chic le BOUQUET choc''. Un assortiment de chocolat (18 pièces) présenté sous la forme d''un ravissant bouquet au feuillage naturel et accompagné d''une fleur de dragées.</p>\n<p>Dimensions : diamètre 18 cm</p>', '', 'bouquet-choc-18', '', '', '', 'Bouquet Choc'' 18', '', ''),
(39, 1, 2, '<p>Très chic le BOUQUET choc''. Un assortiment de chocolat (18 pièces) présenté sous la forme d''un ravissant bouquet au feuillage naturel et accompagné d''une fleur de dragées.</p>\n<p>Dimensions : diamètre 18 cm</p>', '', 'bouquet-choc-18', '', '', '', 'Bouquet Choc'' 18', '', ''),
(40, 1, 1, '<p>Beaucoup d''élégance dans ce petit bouquet composé de 3 chocolats fins, 1 rose en pâte d''amande et 1 fleur de dragées.</p>', '', 'marguerite-chocolats-dragees-petit-modele', '', '', '', 'Marguerite chocolats dragées petit modèle', '', ''),
(40, 1, 2, '<p>Beaucoup d''élégance dans ce petit bouquet composé de 3 chocolats fins, 1 rose en pâte d''amande et 1 fleur de dragées.</p>', '', 'marguerite-chocolats-dragees-petit-modele', '', '', '', 'Marguerite chocolats dragées petit modèle', '', ''),
(41, 1, 1, '<p>Délicate fleurs de dragées chocolat dans leur pot.</p>', '', 'fleur-de-dragees-en-pot', '', '', '', 'Fleur de dragées en pot', '', ''),
(41, 1, 2, '<p>Délicate fleurs de dragées chocolat dans leur pot.</p>', '', 'fleur-de-dragees-en-pot', '', '', '', 'Fleur de dragées en pot', '', ''),
(42, 1, 1, '<p>Un bouquet de fruits très sensuel avec une touche de gourmandise. Des fraises natures et par-ci, par-là des fraises enrobées de chocolat au lait.</p>', '', 'bouquet-coeur-de-fraises-chocolat-au-lait', '', '', '', 'Bouquet Coeur de Fraises chocolat au lait', '', ''),
(42, 1, 2, '<p>Un bouquet de fruits très sensuel avec une touche de gourmandise. Des fraises natures et par-ci, par-là des fraises enrobées de chocolat au lait.</p>', '', 'bouquet-coeur-de-fraises-chocolat-au-lait', '', '', '', 'Bouquet Coeur de Fraises chocolat au lait', '', ''),
(43, 1, 1, '<p>Les macarons sortent de leur boîte pour composer un délicieux bouquet riche en couleurs. Macarons confectionnés par le chocolatier BOUILLET.</p>\n<p>Dimensions : modèle 12 pièces : environ 23 cm</p>', '', 'bouquet-la-ronde-des-macarons', '', '', '', 'Bouquet La Ronde des Macarons', '', ''),
(43, 1, 2, '<p>Les macarons sortent de leur boîte pour composer un délicieux bouquet riche en couleurs. Macarons confectionnés par le chocolatier BOUILLET.</p>\n<p>Dimensions : modèle 12 pièces : environ 23 cm</p>', '', 'bouquet-la-ronde-des-macarons', '', '', '', 'Bouquet La Ronde des Macarons', '', ''),
(44, 1, 1, '<p>Un joli vase de couleur garni de gourmandises : rose en pâte d''amande, ballotin de berlingots, sucette, chocolats, ballotin de bonbons haribo, nougat, ballotin de pâte de fruits, 1/4 de champagne.</p>\n<p>Vase diamètre : 13 cm<br />Composition : 10 pièces</p>', '', 'bouquet-le-vase-gourmand', '', '', '', 'Bouquet Le Vase gourmand', '', ''),
(44, 1, 2, '<p>Un joli vase de couleur garni de gourmandises : rose en pâte d''amande, ballotin de berlingots, sucette, chocolats, ballotin de bonbons haribo, nougat, ballotin de pâte de fruits, 1/4 de champagne.</p>\n<p>Vase diamètre : 13 cm<br />Composition : 10 pièces</p>', '', 'bouquet-le-vase-gourmand', '', '', '', 'Bouquet Le Vase gourmand', '', ''),
(45, 1, 1, '<p>Candy bar, concept "tendance" pour un entracte gourmand.<br />Un espace consacré aux bonbons ... Sur une table joliment dressée de bonbonnières garnies de bonbons HARIBO, d''arbres à guimauve et de bouquets de bonbons.</p>\n<p>Prix : par personne</p>', '', 'bar-a-bonbons', '', '', '', 'Bar à bonbons', '', ''),
(45, 1, 2, '<p>Candy bar, concept "tendance" pour un entracte gourmand.<br />Un espace consacré aux bonbons ... Sur une table joliment dressée de bonbonnières garnies de bonbons HARIBO, d''arbres à guimauve et de bouquets de bonbons.</p>\n<p>Prix : par personne</p>', '', 'bar-a-bonbons', '', '', '', 'Bar à bonbons', '', ''),
(46, 1, 1, '<p>Tout le monde en parle… le bouquet de la mariée était composé de chocolat. Chaque pièce emballée sous film est parsemée dans un feuillage naturel.</p>', '', 'vive-la-mariee-chocolat', '', '', '', 'Vive la Mariée chocolat', '', ''),
(46, 1, 2, '<p>Tout le monde en parle… le bouquet de la mariée était composé de chocolat. Chaque pièce emballée sous film est parsemée dans un feuillage naturel.</p>', '', 'vive-la-mariee-chocolat', '', '', '', 'Vive la Mariée chocolat', '', ''),
(47, 1, 1, '<p>Tout le monde en parle… le bouquet de la mariée était composé de macarons. De macarons Bouillet. Chaque pièce emballée sous film est parsemée dans un feuillage naturel. Une idée de cadeau original.</p>', '', 'vive-la-mariee-macarons', '', '', '', 'Vive la Mariée macarons', '', ''),
(47, 1, 2, '<p>Tout le monde en parle… le bouquet de la mariée était composé de macarons. De macarons Bouillet. Chaque pièce emballée sous film est parsemée dans un feuillage naturel. Une idée de cadeau original.</p>', '', 'vive-la-mariee-macarons', '', '', '', 'Vive la Mariée macarons', '', ''),
(49, 1, 1, '<div class="description">\n<div class="std">Tout le monde en parle… le bouquet de la mariée était composé de ballotin de bonbons Chaque pièce emballée sous film est parsemée dans un feuillage naturel.</div>\n<p> </p>\n</div>', '', 'vive-la-mariee-bonbons', '', '', '', 'Vive la Mariée bonbons', '', ''),
(49, 1, 2, '<div class="description">\n<div class="std">Tout le monde en parle… le bouquet de la mariée était composé de ballotin de bonbons Chaque pièce emballée sous film est parsemée dans un feuillage naturel.</div>\n<p> </p>\n</div>', '', 'vive-la-mariee-bonbons', '', '', '', 'Vive la Mariée bonbons', '', ''),
(50, 1, 1, '<p>Un ravissant bouquet au feuillage naturel à présenter à vos invités pour que chacun reparte avec son ballotin de dragées.<br />Composez votre bouquet en sélectionnant le nombre de ballotins désiré.<br />Les fleurs de dragées sont en supplément (rubrique mariage).</p>', '', 'la-ronde-des-dragees', '', '', '', 'La ronde des dragées', '', ''),
(50, 1, 2, '<p>Un ravissant bouquet au feuillage naturel à présenter à vos invités pour que chacun reparte avec son ballotin de dragées.<br />Composez votre bouquet en sélectionnant le nombre de ballotins désiré.<br />Les fleurs de dragées sont en supplément (rubrique mariage).</p>', '', 'la-ronde-des-dragees', '', '', '', 'La ronde des dragées', '', ''),
(51, 1, 1, '<p>Branché, flashy, nomade... Rosé pour Elle, Brut pour lui... le nouveau quart de Nicolas Feuillatte accompagnera parfaitement le bouquet de votre choix. </p>\n<p>"Attention, l’abus d’alcool est dangereux pour la santé".</p>', '', '14-de-champagne', '', '', '', '1/4 de champagne', '', ''),
(51, 1, 2, '<p>Branché, flashy, nomade... Rosé pour Elle, Brut pour lui... le nouveau quart de Nicolas Feuillatte accompagnera parfaitement le bouquet de votre choix. </p>\n<p>"Attention, l’abus d’alcool est dangereux pour la santé".</p>', '', '14-de-champagne', '', '', '', '1/4 de champagne', '', ''),
(52, 1, 1, '<div class="description">\n<div class="std">Un tendre doudou pour accompagner le bouquet de votre choix. Un cadeau original pour fêter une naissance. Les fleurs étant déconseillées dans de nombreuses maternités, ce bouquet vous offre une alternative aux cadeaux traditionnels.</div>\n</div>', '', 'tendre-doudou-seul', '', '', '', 'Tendre Doudou seul', '', ''),
(52, 1, 2, '<div class="description">\n<div class="std">Un tendre doudou pour accompagner le bouquet de votre choix. Un cadeau original pour fêter une naissance. Les fleurs étant déconseillées dans de nombreuses maternités, ce bouquet vous offre une alternative aux cadeaux traditionnels.</div>\n</div>', '', 'tendre-doudou-seul', '', '', '', 'Tendre Doudou seul', '', ''),
(53, 1, 1, '<div class="description">\n<div class="std">Un tendre doudou enlace ce délicieux bouquet de fruits variés. un cadeau vitaminé pour fêter une naissance. Ananas, raisin, pomelos, fraises ... Les fleurs étant déconseillées dans de nombreuses maternités, ce bouquet vous offre une alternative originale. Le doudou peut accompagner tous les bouquets proposés sur le site.</div>\n</div>', '', 'tendre-doudou', '', '', '', 'Tendre Doudou', '', ''),
(53, 1, 2, '<div class="description">\n<div class="std">Un tendre doudou enlace ce délicieux bouquet de fruits variés. un cadeau vitaminé pour fêter une naissance. Ananas, raisin, pomelos, fraises ... Les fleurs étant déconseillées dans de nombreuses maternités, ce bouquet vous offre une alternative originale. Le doudou peut accompagner tous les bouquets proposés sur le site.</div>\n</div>', '', 'tendre-doudou', '', '', '', 'Tendre Doudou', '', ''),
(54, 1, 1, '<div class="rte">\n<p>Très chic le BOUQUET choc''. Un assortiment de chocolats emballé de couleurs.</p>\n<p>Dimensions : diamètre environ 30 cm</p>\n</div>', '', 'bouquet-de-bonbons-la-ronde-des-couleurs', '', '', '', 'Bouquet de chocolat - Bouquet choc'' couleur', '', ''),
(54, 1, 2, '<div class="rte">\n<p>Très chic le BOUQUET choc''. Un assortiment de chocolats emballé de couleurs.</p>\n<p>Dimensions : diamètre environ 30 cm</p>\n</div>', '', 'bouquet-de-bonbons-la-ronde-des-couleurs', '', '', '', 'Bouquet de chocolat - Bouquet choc'' couleur', '', ''),
(55, 1, 1, '<p>Beaucoup d''élégance dans ce petit arbre de bonbons qui ne manque pas de fantaisie.</p>\n<p><strong>Dimensions :</strong><br />60 pièces : diamètre 15 cm - hauteur 45 cm<br />90 pièces : diamètre 17 cm - hauteur 50 cm<br />120 pièces : diamètre 19 cm - hauteur 60 cm</p>\n<p><strong>Modèle présenté sur la photo : 60 pièces</strong></p>', '', 'bonbons-l-arbre-a-guimauve', '', '', '', 'Bonbons l''Arbre à Guimauve Rose', '', ''),
(55, 1, 2, '<p>Beaucoup d''élégance dans ce petit arbre de bonbons qui ne manque pas de fantaisie.</p>\n<p><strong>Dimensions :</strong><br />60 pièces : diamètre 15 cm - hauteur 45 cm<br />90 pièces : diamètre 17 cm - hauteur 50 cm<br />120 pièces : diamètre 19 cm - hauteur 60 cm</p>\n<p><strong>Modèle présenté sur la photo : 60 pièces</strong></p>', '', 'bonbons-l-arbre-a-guimauve', '', '', '', 'Bonbons l''Arbre à Guimauve Rose', '', ''),
(56, 1, 1, '<p>Beaucoup d''élégance dans ce petit arbre de bonbons qui ne manque pas de fantaisie.</p>\n<p><br />300 pièces : diamètre 30 cm - hauteur 85 cm</p>\n<p> </p>', '', 'bonbons-l-arbre-a-guimauve', '', '', '', 'Bonbons l''Arbre à Guimauve Maxi', '', ''),
(56, 1, 2, '<p>Beaucoup d''élégance dans ce petit arbre de bonbons qui ne manque pas de fantaisie.</p>\n<p><br />300 pièces : diamètre 30 cm - hauteur 85 cm</p>\n<p> </p>', '', 'bonbons-l-arbre-a-guimauve', '', '', '', 'Bonbons l''Arbre à Guimauve Maxi', '', ''),
(57, 1, 1, '<div class="rte">\n<p>Un petit arbuste gourmand, composé de roses en pâte d''amande roses, rouge et blanches. <br /><br /></p>\n<p><strong>Dimensions :</strong><br /><br />taille unique : diamètre 12cm - hauteur 42 cm</p>\n</div>\n<p> </p>', '', 'bonbons-l-arbre-a-guimauve', '', '', '', 'Le rosier gourmand', '', ''),
(57, 1, 2, '<div class="rte">\n<p>Un petit arbuste gourmand, composé de roses en pâte d''amande roses, rouge et blanches. <br /><br /></p>\n<p><strong>Dimensions :</strong><br /><br />taille unique : diamètre 12cm - hauteur 42 cm</p>\n</div>\n<p> </p>', '', 'bonbons-l-arbre-a-guimauve', '', '', '', 'Le rosier gourmand', '', ''),
(59, 1, 1, '<div class="rte">\n<p>Vous n''en avez pas assez vous des bouquets traditionnels ? Alors créez la surprise en offrant un bouquet composé de ballotins de bonbons Haribo emballés de blanc. Et pour évoquer le thème du mariage une rose en sucre et une fleur de dragées donne le ton.</p>\n<p><strong>Dimensions :</strong><br />12 pièces : diamètre 26 cm<br />18 pièces : diamètre 30 cm</p>\n<p><strong>Modèle présenté sur la photo : 18 pièces</strong></p>\n</div>', '', 'bonbons-l-arbre-a-guimauve', '', '', '', 'La ronde des couleurs event''s', '', ''),
(59, 1, 2, '<div class="rte">\n<p>Vous n''en avez pas assez vous des bouquets traditionnels ? Alors créez la surprise en offrant un bouquet composé de ballotins de bonbons Haribo emballés de blanc. Et pour évoquer le thème du mariage une rose en sucre et une fleur de dragées donne le ton.</p>\n<p><strong>Dimensions :</strong><br />12 pièces : diamètre 26 cm<br />18 pièces : diamètre 30 cm</p>\n<p><strong>Modèle présenté sur la photo : 18 pièces</strong></p>\n</div>', '', 'bonbons-l-arbre-a-guimauve', '', '', '', 'La ronde des couleurs event''s', '', ''),
(60, 1, 1, '<p>Un sapin de noël plein de fantaisie composé de bonbons haribo.</p>\n<p>Dimensions : largeur 14 cm - hauteur 43 cm</p>', '<p>Un sapin de noël plein de fantaisie composé de bonbons haribo.<br /><br /></p>', 'bonbons-l-arbre-coeur-tagada', '', '', '', 'Sapin Tagada', '', ''),
(61, 1, 1, '<p>Un tendre doudou pour accompagner le bouquet de votre choix. Un cadeau original pour fêter une naissance. Les fleurs étant déconseillées de nombreuses maternités, ce bouquet vous offre une alternative aux cadeaux traditionnels.</p>', '<p>Un tendre doudou pour accompagner le bouquet de votre choix. Un cadeau original pour fêter une naissance. Les fleurs étant déconseillées de nombreuses maternités, ce bouquet vous offre une alternative aux cadeaux traditionnels.</p>', 'tendre-doudou-seul', '', '', '', 'Tendre Doudou seul', '', '');

-- --------------------------------------------------------

--
-- Structure de la table `ps_product_sale`
--

CREATE TABLE IF NOT EXISTS `ps_product_sale` (
  `id_product` int(10) unsigned NOT NULL,
  `quantity` int(10) unsigned NOT NULL DEFAULT '0',
  `sale_nbr` int(10) unsigned NOT NULL DEFAULT '0',
  `date_upd` date NOT NULL,
  PRIMARY KEY (`id_product`),
  KEY `quantity` (`quantity`)
) ENGINE=InnoDB DEFAULT CHARSET=utf8;

--
-- Contenu de la table `ps_product_sale`
--

INSERT INTO `ps_product_sale` (`id_product`, `quantity`, `sale_nbr`, `date_upd`) VALUES
(14, 2, 2, '2015-10-20');

-- --------------------------------------------------------

--
-- Structure de la table `ps_product_shop`
--

CREATE TABLE IF NOT EXISTS `ps_product_shop` (
  `id_product` int(10) unsigned NOT NULL,
  `id_shop` int(10) unsigned NOT NULL,
  `id_category_default` int(10) unsigned DEFAULT NULL,
  `id_tax_rules_group` int(11) unsigned NOT NULL,
  `on_sale` tinyint(1) unsigned NOT NULL DEFAULT '0',
  `online_only` tinyint(1) unsigned NOT NULL DEFAULT '0',
  `ecotax` decimal(17,6) NOT NULL DEFAULT '0.000000',
  `minimal_quantity` int(10) unsigned NOT NULL DEFAULT '1',
  `price` decimal(20,6) NOT NULL DEFAULT '0.000000',
  `wholesale_price` decimal(20,6) NOT NULL DEFAULT '0.000000',
  `unity` varchar(255) DEFAULT NULL,
  `unit_price_ratio` decimal(20,6) NOT NULL DEFAULT '0.000000',
  `additional_shipping_cost` decimal(20,2) NOT NULL DEFAULT '0.00',
  `customizable` tinyint(2) NOT NULL DEFAULT '0',
  `uploadable_files` tinyint(4) NOT NULL DEFAULT '0',
  `text_fields` tinyint(4) NOT NULL DEFAULT '0',
  `active` tinyint(1) unsigned NOT NULL DEFAULT '0',
  `redirect_type` enum('','404','301','302') NOT NULL DEFAULT '',
  `id_product_redirected` int(10) unsigned NOT NULL DEFAULT '0',
  `available_for_order` tinyint(1) NOT NULL DEFAULT '1',
  `available_date` date NOT NULL DEFAULT '0000-00-00',
  `condition` enum('new','used','refurbished') NOT NULL DEFAULT 'new',
  `show_price` tinyint(1) NOT NULL DEFAULT '1',
  `indexed` tinyint(1) NOT NULL DEFAULT '0',
  `visibility` enum('both','catalog','search','none') NOT NULL DEFAULT 'both',
  `cache_default_attribute` int(10) unsigned DEFAULT NULL,
  `advanced_stock_management` tinyint(1) NOT NULL DEFAULT '0',
  `date_add` datetime NOT NULL,
  `date_upd` datetime NOT NULL,
  `pack_stock_type` int(11) unsigned NOT NULL DEFAULT '3',
  PRIMARY KEY (`id_product`,`id_shop`),
  KEY `id_category_default` (`id_category_default`),
  KEY `date_add` (`date_add`,`active`,`visibility`),
  KEY `indexed` (`indexed`,`active`,`id_product`)
) ENGINE=InnoDB DEFAULT CHARSET=utf8;

--
-- Contenu de la table `ps_product_shop`
--

INSERT INTO `ps_product_shop` (`id_product`, `id_shop`, `id_category_default`, `id_tax_rules_group`, `on_sale`, `online_only`, `ecotax`, `minimal_quantity`, `price`, `wholesale_price`, `unity`, `unit_price_ratio`, `additional_shipping_cost`, `customizable`, `uploadable_files`, `text_fields`, `active`, `redirect_type`, `id_product_redirected`, `available_for_order`, `available_date`, `condition`, `show_price`, `indexed`, `visibility`, `cache_default_attribute`, `advanced_stock_management`, `date_add`, `date_upd`, `pack_stock_type`) VALUES
(1, 1, 12, 2, 0, 0, '0.000000', 1, '0.000000', '0.000000', '', '0.000000', '0.00', 0, 0, 0, 0, '404', 0, 1, '0000-00-00', 'new', 1, 0, 'both', 1, 0, '2015-07-24 16:22:40', '2015-11-25 10:24:59', 3),
(2, 1, 12, 2, 0, 0, '0.000000', 1, '0.000000', '0.000000', '', '0.000000', '0.00', 0, 0, 0, 1, '404', 0, 1, '0000-00-00', 'new', 1, 1, 'both', 5, 0, '2015-08-16 19:02:30', '2015-11-20 17:04:18', 3),
(3, 1, 12, 3, 0, 0, '0.000000', 1, '0.000000', '0.000000', '', '0.000000', '0.00', 0, 0, 0, 1, '404', 0, 1, '0000-00-00', 'used', 1, 1, 'both', 10, 0, '2015-08-16 19:37:52', '2015-11-20 17:12:34', 3),
(4, 1, 12, 6, 0, 0, '0.000000', 1, '0.000000', '0.000000', '', '0.000000', '0.00', 0, 0, 0, 0, '404', 0, 1, '0000-00-00', 'used', 1, 0, 'both', 0, 0, '2015-08-16 19:44:47', '2015-08-24 20:41:18', 3),
(5, 1, 12, 2, 0, 0, '0.000000', 1, '0.000000', '0.000000', '', '0.000000', '0.00', 0, 0, 0, 1, '404', 0, 1, '0000-00-00', 'used', 1, 1, 'both', 14, 0, '2015-08-16 19:54:08', '2016-01-06 13:30:14', 3),
(6, 1, 12, 2, 0, 0, '0.000000', 1, '0.000000', '0.000000', '', '0.000000', '0.00', 0, 0, 0, 1, '404', 0, 1, '0000-00-00', 'used', 1, 1, 'both', 18, 0, '2015-08-16 20:01:57', '2015-11-20 17:14:32', 3),
(7, 1, 12, 2, 0, 0, '0.000000', 1, '0.000000', '0.000000', '', '0.000000', '0.00', 0, 0, 0, 1, '404', 0, 1, '0000-00-00', 'used', 1, 1, 'both', 23, 0, '2015-08-16 20:11:13', '2015-11-20 17:16:19', 3),
(8, 1, 12, 2, 0, 0, '0.000000', 1, '0.000000', '0.000000', '', '0.000000', '0.00', 0, 0, 0, 1, '404', 0, 1, '0000-00-00', 'new', 1, 1, 'both', 26, 0, '2015-08-16 20:19:52', '2015-11-20 17:16:50', 3),
(9, 1, 12, 3, 0, 0, '0.000000', 1, '0.000000', '0.000000', '', '0.000000', '0.00', 0, 0, 0, 1, '404', 0, 1, '0000-00-00', 'new', 1, 1, 'both', 28, 0, '2015-08-16 20:26:35', '2015-11-20 17:17:20', 3),
(10, 1, 12, 3, 0, 0, '0.000000', 1, '0.000000', '0.000000', '', '0.000000', '0.00', 0, 0, 0, 1, '404', 0, 1, '0000-00-00', 'new', 1, 1, 'both', 33, 0, '2015-08-16 20:34:49', '2015-11-20 17:17:50', 3),
(11, 1, 12, 2, 0, 0, '0.000000', 1, '0.000000', '0.000000', '', '0.000000', '0.00', 0, 0, 0, 1, '404', 0, 1, '0000-00-00', 'new', 1, 1, 'both', 39, 0, '2015-08-16 20:42:57', '2015-11-20 17:18:38', 3),
(12, 1, 12, 3, 0, 0, '0.000000', 1, '0.000000', '0.000000', '', '0.000000', '0.00', 0, 0, 0, 1, '404', 0, 1, '0000-00-00', 'new', 1, 1, 'both', 43, 0, '2015-08-16 20:46:57', '2015-11-20 17:19:10', 3),
(13, 1, 12, 1, 0, 0, '0.000000', 1, '0.000000', '0.000000', '', '0.000000', '0.00', 0, 0, 0, 1, '404', 0, 1, '0000-00-00', 'new', 1, 1, 'both', 48, 0, '2015-08-16 20:57:50', '2015-11-20 17:20:02', 3),
(14, 1, 12, 1, 0, 0, '0.000000', 1, '0.000000', '0.000000', '', '0.000000', '0.00', 0, 0, 0, 1, '404', 0, 1, '0000-00-00', 'new', 1, 1, 'both', 51, 0, '2015-08-16 21:03:06', '2015-11-20 17:21:03', 3),
(15, 1, 12, 3, 0, 0, '0.000000', 1, '0.000000', '0.000000', '', '0.000000', '0.00', 0, 0, 0, 1, '404', 0, 1, '0000-00-00', 'new', 1, 1, 'both', 54, 0, '2015-08-16 21:31:15', '2015-11-20 17:15:50', 3),
(16, 1, 12, 3, 0, 0, '0.000000', 1, '0.000000', '0.000000', '', '0.000000', '0.00', 0, 0, 0, 1, '404', 0, 1, '0000-00-00', 'new', 1, 1, 'both', 55, 0, '2015-08-16 21:35:04', '2015-11-20 17:21:48', 3),
(17, 1, 12, 3, 0, 0, '0.000000', 1, '0.000000', '0.000000', '', '0.000000', '0.00', 0, 0, 0, 0, '404', 0, 1, '0000-00-00', 'new', 1, 0, 'both', 56, 0, '2015-08-16 21:37:51', '2015-08-24 21:07:21', 3),
(18, 1, 12, 3, 0, 0, '0.000000', 1, '0.000000', '0.000000', '', '0.000000', '0.00', 0, 0, 0, 1, '404', 0, 1, '0000-00-00', 'new', 1, 1, 'both', 57, 0, '2015-08-16 21:41:04', '2015-11-20 17:22:43', 3),
(19, 1, 13, 3, 0, 0, '0.000000', 1, '0.000000', '0.000000', '', '0.000000', '0.00', 0, 0, 0, 1, '404', 0, 1, '0000-00-00', 'new', 1, 1, 'both', 58, 0, '2015-08-16 21:46:12', '2015-11-20 17:25:14', 3),
(20, 1, 13, 2, 0, 0, '0.000000', 1, '0.000000', '0.000000', '', '0.000000', '0.00', 0, 0, 0, 1, '404', 0, 1, '0000-00-00', 'new', 1, 1, 'both', 61, 0, '2015-08-16 21:51:37', '2015-11-20 17:25:56', 3),
(21, 1, 13, 2, 0, 0, '0.000000', 1, '0.000000', '0.000000', '', '0.000000', '0.00', 0, 0, 0, 1, '404', 0, 1, '0000-00-00', 'new', 1, 1, 'both', 65, 0, '2015-08-16 21:56:50', '2015-11-20 17:26:32', 3),
(22, 1, 14, 6, 0, 0, '0.000000', 1, '0.000000', '0.000000', '', '0.000000', '0.00', 0, 0, 0, 1, '404', 0, 1, '0000-00-00', 'new', 1, 1, 'both', 68, 0, '2015-08-16 22:05:37', '2015-11-25 11:47:40', 3),
(23, 1, 14, 1, 0, 0, '0.000000', 1, '0.000000', '0.000000', '', '0.000000', '0.00', 0, 0, 0, 1, '404', 0, 1, '0000-00-00', 'new', 1, 1, 'both', 71, 0, '2015-08-16 22:20:51', '2015-08-24 14:31:35', 3),
(24, 1, 14, 1, 0, 0, '0.000000', 1, '0.000000', '0.000000', '', '0.000000', '0.00', 0, 0, 0, 1, '404', 0, 1, '0000-00-00', 'new', 1, 1, 'both', 75, 0, '2015-08-16 23:10:35', '2015-11-21 18:37:52', 3),
(25, 1, 14, 1, 0, 0, '0.000000', 1, '0.000000', '0.000000', '', '0.000000', '0.00', 0, 0, 0, 1, '404', 0, 1, '0000-00-00', 'new', 1, 1, 'both', 78, 0, '2015-08-16 23:17:23', '2015-08-31 20:20:49', 3),
(26, 1, 14, 1, 0, 0, '0.000000', 1, '0.000000', '0.000000', '', '0.000000', '0.00', 0, 0, 0, 1, '404', 0, 1, '0000-00-00', 'new', 1, 1, 'both', 79, 0, '2015-08-16 23:19:28', '2015-12-22 18:03:57', 3),
(27, 1, 14, 1, 0, 0, '0.000000', 1, '0.000000', '0.000000', '', '0.000000', '0.00', 0, 0, 0, 1, '404', 0, 1, '0000-00-00', 'new', 1, 1, 'both', 82, 0, '2015-08-16 23:23:52', '2015-08-24 16:47:13', 3),
(28, 1, 14, 1, 0, 0, '0.000000', 1, '0.000000', '0.000000', '', '0.000000', '0.00', 0, 0, 0, 1, '404', 0, 1, '0000-00-00', 'new', 1, 1, 'both', 84, 0, '2015-08-16 23:29:47', '2015-08-24 16:46:40', 3),
(29, 1, 14, 1, 0, 0, '0.000000', 1, '0.000000', '0.000000', '', '0.000000', '0.00', 0, 0, 0, 1, '404', 0, 1, '0000-00-00', 'new', 1, 1, 'both', 86, 0, '2015-08-16 23:32:11', '2015-08-31 20:17:12', 3),
(30, 1, 14, 1, 0, 0, '0.000000', 1, '0.000000', '0.000000', '', '0.000000', '0.00', 0, 0, 0, 1, '404', 0, 1, '0000-00-00', 'new', 1, 1, 'both', 89, 0, '2015-08-16 23:36:43', '2015-08-31 20:16:30', 3),
(31, 1, 14, 1, 0, 0, '0.000000', 1, '0.000000', '0.000000', '', '0.000000', '0.00', 0, 0, 0, 1, '404', 0, 1, '0000-00-00', 'new', 1, 1, 'both', 92, 0, '2015-08-16 23:39:10', '2015-08-31 12:38:58', 3),
(32, 1, 14, 1, 0, 0, '0.000000', 1, '0.000000', '0.000000', '', '0.000000', '0.00', 0, 0, 0, 1, '404', 0, 1, '0000-00-00', 'new', 1, 1, 'both', 95, 0, '2015-08-16 23:44:29', '2015-08-24 17:35:06', 3),
(33, 1, 14, 1, 0, 0, '0.000000', 1, '0.000000', '0.000000', '', '0.000000', '0.00', 0, 0, 0, 1, '404', 0, 1, '0000-00-00', 'new', 1, 1, 'both', 96, 0, '2015-08-16 23:48:39', '2015-08-24 17:34:23', 3),
(34, 1, 14, 3, 0, 0, '0.000000', 1, '0.000000', '0.000000', '', '0.000000', '0.00', 0, 0, 0, 1, '404', 0, 1, '0000-00-00', 'new', 1, 1, 'both', 97, 0, '2015-08-16 23:52:32', '2015-08-24 17:41:19', 3),
(35, 1, 14, 3, 0, 0, '0.000000', 1, '0.000000', '0.000000', '', '0.000000', '0.00', 0, 0, 0, 1, '404', 0, 1, '0000-00-00', 'new', 1, 1, 'both', 100, 0, '2015-08-16 23:57:03', '2015-08-31 12:40:33', 3),
(36, 1, 14, 6, 0, 0, '0.000000', 1, '0.000000', '0.000000', '', '0.000000', '0.00', 0, 0, 0, 0, '404', 0, 1, '0000-00-00', 'new', 1, 0, 'both', 103, 0, '2015-08-17 00:03:12', '2015-08-24 21:09:29', 3),
(37, 1, 14, 3, 0, 0, '0.000000', 1, '0.000000', '0.000000', '', '0.000000', '0.00', 0, 0, 0, 1, '404', 0, 1, '0000-00-00', 'new', 1, 1, 'both', 107, 0, '2015-08-17 00:06:42', '2015-08-24 18:20:20', 3),
(38, 1, 14, 3, 0, 0, '0.000000', 1, '0.000000', '0.000000', '', '0.000000', '0.00', 0, 0, 0, 0, '404', 0, 1, '0000-00-00', 'new', 1, 0, 'both', 110, 0, '2015-08-17 00:10:44', '2015-08-31 13:06:47', 3),
(39, 1, 14, 3, 0, 0, '0.000000', 1, '0.000000', '0.000000', '', '0.000000', '0.00', 0, 0, 0, 1, '404', 0, 1, '0000-00-00', 'new', 1, 1, 'both', 111, 0, '2015-08-17 00:12:34', '2015-08-24 19:29:23', 3),
(40, 1, 14, 3, 0, 0, '0.000000', 1, '0.000000', '0.000000', '', '0.000000', '0.00', 0, 0, 0, 1, '404', 0, 1, '0000-00-00', 'new', 1, 1, 'both', 112, 0, '2015-08-17 00:17:18', '2015-08-24 19:42:49', 3),
(41, 1, 14, 3, 0, 0, '0.000000', 1, '0.000000', '0.000000', '', '0.000000', '0.00', 0, 0, 0, 1, '404', 0, 1, '0000-00-00', 'new', 1, 1, 'both', 118, 0, '2015-08-17 00:24:40', '2015-08-31 20:19:26', 3),
(42, 1, 12, 6, 0, 0, '0.000000', 1, '0.000000', '0.000000', '', '0.000000', '0.00', 0, 0, 0, 0, '404', 0, 1, '0000-00-00', 'new', 1, 0, 'both', 126, 0, '2015-08-17 00:32:19', '2015-08-24 21:08:18', 3),
(43, 1, 14, 3, 0, 0, '0.000000', 1, '0.000000', '0.000000', '', '0.000000', '0.00', 0, 0, 0, 1, '404', 0, 1, '0000-00-00', 'new', 1, 1, 'both', 131, 0, '2015-08-17 00:37:15', '2015-08-24 20:19:33', 3),
(44, 1, 23, 6, 0, 0, '0.000000', 1, '0.000000', '0.000000', '', '0.000000', '0.00', 0, 0, 0, 0, '404', 0, 1, '0000-00-00', 'new', 1, 0, 'both', 136, 0, '2015-08-17 00:43:17', '2015-08-24 21:10:13', 3),
(45, 1, 2, 6, 0, 0, '0.000000', 1, '0.000000', '0.000000', '', '0.000000', '0.00', 0, 0, 0, 1, '404', 0, 1, '0000-00-00', 'new', 1, 1, 'both', 139, 0, '2015-08-17 00:47:22', '2015-08-17 00:52:15', 3),
(46, 1, 2, 3, 0, 0, '0.000000', 1, '0.000000', '0.000000', '', '0.000000', '0.00', 0, 0, 0, 1, '404', 0, 1, '0000-00-00', 'new', 1, 1, 'both', 141, 0, '2015-08-17 00:53:29', '2015-08-31 20:25:12', 3),
(47, 1, 2, 6, 0, 0, '0.000000', 1, '0.000000', '0.000000', '', '0.000000', '0.00', 0, 0, 0, 0, '404', 0, 1, '0000-00-00', 'new', 1, 0, 'both', 0, 0, '2015-08-17 00:54:49', '2015-08-24 21:11:11', 3),
(49, 1, 2, 1, 0, 0, '0.000000', 1, '0.000000', '0.000000', '', '0.000000', '0.00', 0, 0, 0, 1, '404', 0, 1, '0000-00-00', 'new', 1, 1, 'both', 144, 0, '2015-08-17 00:58:00', '2015-08-31 20:21:49', 3),
(50, 1, 2, 3, 0, 0, '0.000000', 1, '0.000000', '0.000000', '', '0.000000', '0.00', 0, 0, 0, 1, '404', 0, 1, '0000-00-00', 'new', 1, 1, 'both', 145, 0, '2015-08-17 00:59:41', '2015-08-31 20:18:46', 3),
(51, 1, 2, 6, 0, 0, '0.000000', 1, '0.000000', '0.000000', '', '0.000000', '0.00', 0, 0, 0, 1, '404', 0, 1, '0000-00-00', 'new', 1, 1, 'both', 146, 0, '2015-08-17 01:02:17', '2015-08-17 01:06:31', 3),
(52, 1, 2, 1, 0, 0, '0.000000', 1, '0.000000', '0.000000', '', '0.000000', '0.00', 0, 0, 0, 1, '404', 0, 1, '0000-00-00', 'new', 1, 1, 'both', 148, 0, '2015-08-17 01:09:00', '2015-08-24 21:50:09', 3),
(53, 1, 2, 6, 0, 0, '0.000000', 1, '0.000000', '0.000000', '', '0.000000', '0.00', 0, 0, 0, 0, '404', 0, 1, '0000-00-00', 'new', 1, 0, 'both', 149, 0, '2015-08-17 01:11:42', '2015-08-24 21:50:43', 3),
(54, 1, 21, 3, 0, 0, '0.000000', 1, '0.000000', '0.000000', '', '0.000000', '0.00', 0, 0, 0, 1, '404', 0, 1, '0000-00-00', 'new', 1, 1, 'both', 153, 0, '2015-08-31 12:53:48', '2015-08-31 13:09:00', 3),
(55, 1, 14, 1, 0, 0, '0.000000', 1, '0.000000', '0.000000', '', '0.000000', '0.00', 0, 0, 0, 1, '404', 0, 1, '0000-00-00', 'new', 1, 1, 'both', 0, 0, '2015-08-31 13:20:23', '2015-08-31 20:06:38', 3),
(56, 1, 14, 1, 0, 0, '0.000000', 1, '0.000000', '0.000000', '', '0.000000', '0.00', 0, 0, 0, 1, '404', 0, 1, '0000-00-00', 'new', 1, 1, 'both', 161, 0, '2015-08-31 20:05:30', '2015-08-31 20:17:50', 3),
(57, 1, 14, 1, 0, 0, '0.000000', 1, '0.000000', '0.000000', '', '0.000000', '0.00', 0, 0, 0, 1, '404', 0, 1, '0000-00-00', 'new', 1, 1, 'both', 162, 0, '2015-09-02 18:44:00', '2015-09-02 18:54:38', 3),
(59, 1, 24, 1, 0, 0, '0.000000', 1, '0.000000', '0.000000', '', '0.000000', '0.00', 0, 0, 0, 1, '404', 0, 1, '0000-00-00', 'new', 1, 1, 'both', 166, 0, '2015-09-02 19:00:23', '2015-09-02 19:09:32', 3),
(60, 1, 14, 1, 0, 0, '0.000000', 1, '0.000000', '0.000000', '', '0.000000', '0.00', 0, 0, 0, 1, '404', 0, 1, '0000-00-00', 'new', 1, 1, 'both', 0, 0, '2015-11-25 12:03:34', '2015-11-25 12:24:22', 3),
(61, 1, 2, 1, 0, 0, '0.000000', 1, '5.833333', '0.000000', '', '0.000000', '0.00', 0, 0, 0, 1, '404', 0, 1, '0000-00-00', 'new', 1, 1, 'both', 0, 0, '2016-01-06 13:21:28', '2016-01-06 13:23:21', 3);

-- --------------------------------------------------------

--
-- Structure de la table `ps_product_supplier`
--

CREATE TABLE IF NOT EXISTS `ps_product_supplier` (
  `id_product_supplier` int(11) unsigned NOT NULL AUTO_INCREMENT,
  `id_product` int(11) unsigned NOT NULL,
  `id_product_attribute` int(11) unsigned NOT NULL DEFAULT '0',
  `id_supplier` int(11) unsigned NOT NULL,
  `product_supplier_reference` varchar(32) DEFAULT NULL,
  `product_supplier_price_te` decimal(20,6) NOT NULL DEFAULT '0.000000',
  `id_currency` int(11) unsigned NOT NULL,
  PRIMARY KEY (`id_product_supplier`),
  UNIQUE KEY `id_product` (`id_product`,`id_product_attribute`,`id_supplier`),
  KEY `id_supplier` (`id_supplier`,`id_product`)
) ENGINE=InnoDB DEFAULT CHARSET=utf8 AUTO_INCREMENT=1 ;

-- --------------------------------------------------------

--
-- Structure de la table `ps_product_tag`
--

CREATE TABLE IF NOT EXISTS `ps_product_tag` (
  `id_product` int(10) unsigned NOT NULL,
  `id_tag` int(10) unsigned NOT NULL,
  `id_lang` int(10) unsigned NOT NULL,
  PRIMARY KEY (`id_product`,`id_tag`),
  KEY `id_tag` (`id_tag`),
  KEY `id_lang` (`id_lang`,`id_tag`)
) ENGINE=InnoDB DEFAULT CHARSET=utf8;

-- --------------------------------------------------------

--
-- Structure de la table `ps_profile`
--

CREATE TABLE IF NOT EXISTS `ps_profile` (
  `id_profile` int(10) unsigned NOT NULL AUTO_INCREMENT,
  PRIMARY KEY (`id_profile`)
) ENGINE=InnoDB  DEFAULT CHARSET=utf8 AUTO_INCREMENT=5 ;

--
-- Contenu de la table `ps_profile`
--

INSERT INTO `ps_profile` (`id_profile`) VALUES
(1),
(2),
(3),
(4);

-- --------------------------------------------------------

--
-- Structure de la table `ps_profile_lang`
--

CREATE TABLE IF NOT EXISTS `ps_profile_lang` (
  `id_lang` int(10) unsigned NOT NULL,
  `id_profile` int(10) unsigned NOT NULL,
  `name` varchar(128) NOT NULL,
  PRIMARY KEY (`id_profile`,`id_lang`)
) ENGINE=InnoDB DEFAULT CHARSET=utf8;

--
-- Contenu de la table `ps_profile_lang`
--

INSERT INTO `ps_profile_lang` (`id_lang`, `id_profile`, `name`) VALUES
(1, 1, 'SuperAdmin'),
(2, 1, 'SuperAdmin'),
(1, 2, 'Logisticien'),
(2, 2, 'Logisticien'),
(1, 3, 'Traducteur'),
(2, 3, 'Traducteur'),
(1, 4, 'Commercial'),
(2, 4, 'Commercial');

-- --------------------------------------------------------

--
-- Structure de la table `ps_quick_access`
--

CREATE TABLE IF NOT EXISTS `ps_quick_access` (
  `id_quick_access` int(10) unsigned NOT NULL AUTO_INCREMENT,
  `new_window` tinyint(1) NOT NULL DEFAULT '0',
  `link` varchar(255) NOT NULL,
  PRIMARY KEY (`id_quick_access`)
) ENGINE=InnoDB  DEFAULT CHARSET=utf8 AUTO_INCREMENT=7 ;

--
-- Contenu de la table `ps_quick_access`
--

INSERT INTO `ps_quick_access` (`id_quick_access`, `new_window`, `link`) VALUES
(1, 0, 'index.php?controller=AdminCategories&addcategory'),
(2, 0, 'index.php?controller=AdminProducts&addproduct'),
(3, 0, 'index.php?controller=AdminCartRules&addcart_rule'),
(4, 0, 'index.php?controller=AdminModules&configure=pk_flexmenu&tab_module=front_office_features&module_name=pk_flexmenu'),
(5, 0, 'index.php?controller=AdminModules&configure=pk_themesettings&tab_module=front_office_features&module_name=pk_themesettings'),
(6, 0, 'index.php?controller=AdminModules&configure=pk_vertflexmenu&tab_module=front_office_features&module_name=pk_vertflexmenu');

-- --------------------------------------------------------

--
-- Structure de la table `ps_quick_access_lang`
--

CREATE TABLE IF NOT EXISTS `ps_quick_access_lang` (
  `id_quick_access` int(10) unsigned NOT NULL,
  `id_lang` int(10) unsigned NOT NULL,
  `name` varchar(32) NOT NULL,
  PRIMARY KEY (`id_quick_access`,`id_lang`)
) ENGINE=InnoDB DEFAULT CHARSET=utf8;

--
-- Contenu de la table `ps_quick_access_lang`
--

INSERT INTO `ps_quick_access_lang` (`id_quick_access`, `id_lang`, `name`) VALUES
(1, 1, 'Nouvelle catégorie'),
(1, 2, 'Nouvelle catégorie'),
(2, 1, 'Nouveau produit'),
(2, 2, 'Nouveau produit'),
(3, 1, 'Nouveau bon de réduction'),
(3, 2, 'Nouveau bon de réduction'),
(4, 1, 'Alysum Menu'),
(4, 2, 'Alysum Menu'),
(5, 1, 'Alysum Settings'),
(5, 2, 'Alysum Settings'),
(6, 1, 'Vertical Menu'),
(6, 2, 'Vertical Menu');

-- --------------------------------------------------------

--
-- Structure de la table `ps_range_price`
--

CREATE TABLE IF NOT EXISTS `ps_range_price` (
  `id_range_price` int(10) unsigned NOT NULL AUTO_INCREMENT,
  `id_carrier` int(10) unsigned NOT NULL,
  `delimiter1` decimal(20,6) NOT NULL,
  `delimiter2` decimal(20,6) NOT NULL,
  PRIMARY KEY (`id_range_price`),
  UNIQUE KEY `id_carrier` (`id_carrier`,`delimiter1`,`delimiter2`)
) ENGINE=InnoDB  DEFAULT CHARSET=utf8 AUTO_INCREMENT=2 ;

--
-- Contenu de la table `ps_range_price`
--

INSERT INTO `ps_range_price` (`id_range_price`, `id_carrier`, `delimiter1`, `delimiter2`) VALUES
(1, 2, '0.000000', '10000.000000');

-- --------------------------------------------------------

--
-- Structure de la table `ps_range_weight`
--

CREATE TABLE IF NOT EXISTS `ps_range_weight` (
  `id_range_weight` int(10) unsigned NOT NULL AUTO_INCREMENT,
  `id_carrier` int(10) unsigned NOT NULL,
  `delimiter1` decimal(20,6) NOT NULL,
  `delimiter2` decimal(20,6) NOT NULL,
  PRIMARY KEY (`id_range_weight`),
  UNIQUE KEY `id_carrier` (`id_carrier`,`delimiter1`,`delimiter2`)
) ENGINE=InnoDB  DEFAULT CHARSET=utf8 AUTO_INCREMENT=34 ;

--
-- Contenu de la table `ps_range_weight`
--

INSERT INTO `ps_range_weight` (`id_range_weight`, `id_carrier`, `delimiter1`, `delimiter2`) VALUES
(1, 2, '0.000000', '10000.000000'),
(2, 3, '0.000000', '10000.000000'),
(3, 5, '0.000000', '0.000000'),
(4, 6, '0.000000', '0.000000'),
(5, 8, '0.000000', '10000.000000'),
(6, 9, '0.000000', '0.000000'),
(7, 10, '0.000000', '0.000000'),
(8, 11, '0.000000', '1000000.000000'),
(9, 12, '0.000000', '10000.000000'),
(10, 13, '0.000000', '0.000000'),
(11, 14, '0.000000', '0.000000'),
(12, 15, '0.000000', '1000000.000000'),
(13, 16, '0.000000', '10000.000000'),
(14, 17, '0.000000', '0.000000'),
(15, 18, '0.000000', '0.000000'),
(16, 19, '0.000000', '10000.000000'),
(17, 20, '0.000000', '10000.000000'),
(18, 21, '0.000000', '0.000000'),
(19, 22, '0.000000', '0.000000'),
(20, 23, '0.000000', '10000.000000'),
(21, 24, '0.000000', '10000.000000'),
(22, 25, '0.000000', '0.000000'),
(23, 26, '0.000000', '0.000000'),
(24, 27, '0.000000', '0.000000'),
(25, 28, '0.000000', '1000000.000000'),
(26, 29, '0.000000', '0.000000'),
(27, 30, '0.000000', '0.000000'),
(28, 31, '0.000000', '0.000000'),
(29, 32, '0.000000', '0.000000'),
(30, 33, '0.000000', '1000000.000000'),
(31, 34, '0.000000', '10000.000000'),
(32, 35, '0.000000', '0.000000'),
(33, 36, '0.000000', '0.000000');

-- --------------------------------------------------------

--
-- Structure de la table `ps_referrer`
--

CREATE TABLE IF NOT EXISTS `ps_referrer` (
  `id_referrer` int(10) unsigned NOT NULL AUTO_INCREMENT,
  `name` varchar(64) NOT NULL,
  `passwd` varchar(32) DEFAULT NULL,
  `http_referer_regexp` varchar(64) DEFAULT NULL,
  `http_referer_like` varchar(64) DEFAULT NULL,
  `request_uri_regexp` varchar(64) DEFAULT NULL,
  `request_uri_like` varchar(64) DEFAULT NULL,
  `http_referer_regexp_not` varchar(64) DEFAULT NULL,
  `http_referer_like_not` varchar(64) DEFAULT NULL,
  `request_uri_regexp_not` varchar(64) DEFAULT NULL,
  `request_uri_like_not` varchar(64) DEFAULT NULL,
  `base_fee` decimal(5,2) NOT NULL DEFAULT '0.00',
  `percent_fee` decimal(5,2) NOT NULL DEFAULT '0.00',
  `click_fee` decimal(5,2) NOT NULL DEFAULT '0.00',
  `date_add` datetime NOT NULL,
  PRIMARY KEY (`id_referrer`)
) ENGINE=InnoDB DEFAULT CHARSET=utf8 AUTO_INCREMENT=1 ;

-- --------------------------------------------------------

--
-- Structure de la table `ps_referrer_cache`
--

CREATE TABLE IF NOT EXISTS `ps_referrer_cache` (
  `id_connections_source` int(11) unsigned NOT NULL,
  `id_referrer` int(11) unsigned NOT NULL,
  PRIMARY KEY (`id_connections_source`,`id_referrer`)
) ENGINE=InnoDB DEFAULT CHARSET=utf8;

-- --------------------------------------------------------

--
-- Structure de la table `ps_referrer_shop`
--

CREATE TABLE IF NOT EXISTS `ps_referrer_shop` (
  `id_referrer` int(10) unsigned NOT NULL AUTO_INCREMENT,
  `id_shop` int(10) unsigned NOT NULL DEFAULT '1',
  `cache_visitors` int(11) DEFAULT NULL,
  `cache_visits` int(11) DEFAULT NULL,
  `cache_pages` int(11) DEFAULT NULL,
  `cache_registrations` int(11) DEFAULT NULL,
  `cache_orders` int(11) DEFAULT NULL,
  `cache_sales` decimal(17,2) DEFAULT NULL,
  `cache_reg_rate` decimal(5,4) DEFAULT NULL,
  `cache_order_rate` decimal(5,4) DEFAULT NULL,
  PRIMARY KEY (`id_referrer`,`id_shop`)
) ENGINE=InnoDB DEFAULT CHARSET=utf8 AUTO_INCREMENT=1 ;

-- --------------------------------------------------------

--
-- Structure de la table `ps_request_sql`
--

CREATE TABLE IF NOT EXISTS `ps_request_sql` (
  `id_request_sql` int(11) NOT NULL AUTO_INCREMENT,
  `name` varchar(200) NOT NULL,
  `sql` text NOT NULL,
  PRIMARY KEY (`id_request_sql`)
) ENGINE=InnoDB DEFAULT CHARSET=utf8 AUTO_INCREMENT=1 ;

-- --------------------------------------------------------

--
-- Structure de la table `ps_required_field`
--

CREATE TABLE IF NOT EXISTS `ps_required_field` (
  `id_required_field` int(11) NOT NULL AUTO_INCREMENT,
  `object_name` varchar(32) NOT NULL,
  `field_name` varchar(32) NOT NULL,
  PRIMARY KEY (`id_required_field`),
  KEY `object_name` (`object_name`)
) ENGINE=InnoDB DEFAULT CHARSET=utf8 AUTO_INCREMENT=1 ;

-- --------------------------------------------------------

--
-- Structure de la table `ps_restricteddays`
--

CREATE TABLE IF NOT EXISTS `ps_restricteddays` (
  `id` int(11) NOT NULL AUTO_INCREMENT,
  `id_shop` int(11) NOT NULL DEFAULT '0',
  `day` tinyint(2) NOT NULL,
  `month` tinyint(2) NOT NULL,
  `description` varchar(255) COLLATE latin1_general_ci NOT NULL,
  `active` tinyint(1) NOT NULL DEFAULT '1',
  PRIMARY KEY (`id`)
) ENGINE=MyISAM  DEFAULT CHARSET=latin1 COLLATE=latin1_general_ci AUTO_INCREMENT=6 ;

--
-- Contenu de la table `ps_restricteddays`
--

INSERT INTO `ps_restricteddays` (`id`, `id_shop`, `day`, `month`, `description`, `active`) VALUES
(1, 0, 25, 12, 'Noel', 1),
(2, 0, 1, 1, 'Nouvel an', 1),
(3, 0, 14, 7, 'Fête nationale', 1),
(4, 0, 1, 5, 'Fête du travail', 1);

-- --------------------------------------------------------

--
-- Structure de la table `ps_risk`
--

CREATE TABLE IF NOT EXISTS `ps_risk` (
  `id_risk` int(11) unsigned NOT NULL AUTO_INCREMENT,
  `percent` tinyint(3) NOT NULL,
  `color` varchar(32) DEFAULT NULL,
  PRIMARY KEY (`id_risk`)
) ENGINE=InnoDB  DEFAULT CHARSET=utf8 AUTO_INCREMENT=5 ;

--
-- Contenu de la table `ps_risk`
--

INSERT INTO `ps_risk` (`id_risk`, `percent`, `color`) VALUES
(1, 0, '#32CD32'),
(2, 35, '#FF8C00'),
(3, 75, '#DC143C'),
(4, 100, '#ec2e15');

-- --------------------------------------------------------

--
-- Structure de la table `ps_risk_lang`
--

CREATE TABLE IF NOT EXISTS `ps_risk_lang` (
  `id_risk` int(10) unsigned NOT NULL,
  `id_lang` int(10) unsigned NOT NULL,
  `name` varchar(20) NOT NULL,
  PRIMARY KEY (`id_risk`,`id_lang`),
  KEY `id_risk` (`id_risk`)
) ENGINE=InnoDB DEFAULT CHARSET=utf8;

--
-- Contenu de la table `ps_risk_lang`
--

INSERT INTO `ps_risk_lang` (`id_risk`, `id_lang`, `name`) VALUES
(1, 1, 'Aucun'),
(1, 2, 'Aucun'),
(2, 1, 'Faible'),
(2, 2, 'Faible'),
(3, 1, 'Moyen'),
(3, 2, 'Moyen'),
(4, 1, 'Élevé'),
(4, 2, 'Élevé');

-- --------------------------------------------------------

--
-- Structure de la table `ps_scene`
--

CREATE TABLE IF NOT EXISTS `ps_scene` (
  `id_scene` int(10) unsigned NOT NULL AUTO_INCREMENT,
  `active` tinyint(1) NOT NULL DEFAULT '1',
  PRIMARY KEY (`id_scene`)
) ENGINE=InnoDB DEFAULT CHARSET=utf8 AUTO_INCREMENT=1 ;

-- --------------------------------------------------------

--
-- Structure de la table `ps_scene_category`
--

CREATE TABLE IF NOT EXISTS `ps_scene_category` (
  `id_scene` int(10) unsigned NOT NULL,
  `id_category` int(10) unsigned NOT NULL,
  PRIMARY KEY (`id_scene`,`id_category`)
) ENGINE=InnoDB DEFAULT CHARSET=utf8;

-- --------------------------------------------------------

--
-- Structure de la table `ps_scene_lang`
--

CREATE TABLE IF NOT EXISTS `ps_scene_lang` (
  `id_scene` int(10) unsigned NOT NULL,
  `id_lang` int(10) unsigned NOT NULL,
  `name` varchar(100) NOT NULL,
  PRIMARY KEY (`id_scene`,`id_lang`)
) ENGINE=InnoDB DEFAULT CHARSET=utf8;

-- --------------------------------------------------------

--
-- Structure de la table `ps_scene_products`
--

CREATE TABLE IF NOT EXISTS `ps_scene_products` (
  `id_scene` int(10) unsigned NOT NULL,
  `id_product` int(10) unsigned NOT NULL,
  `x_axis` int(4) NOT NULL,
  `y_axis` int(4) NOT NULL,
  `zone_width` int(3) NOT NULL,
  `zone_height` int(3) NOT NULL,
  PRIMARY KEY (`id_scene`,`id_product`,`x_axis`,`y_axis`)
) ENGINE=InnoDB DEFAULT CHARSET=utf8;

-- --------------------------------------------------------

--
-- Structure de la table `ps_scene_shop`
--

CREATE TABLE IF NOT EXISTS `ps_scene_shop` (
  `id_scene` int(11) unsigned NOT NULL,
  `id_shop` int(11) unsigned NOT NULL,
  PRIMARY KEY (`id_scene`,`id_shop`),
  KEY `id_shop` (`id_shop`)
) ENGINE=InnoDB DEFAULT CHARSET=utf8;

-- --------------------------------------------------------

--
-- Structure de la table `ps_search_engine`
--

CREATE TABLE IF NOT EXISTS `ps_search_engine` (
  `id_search_engine` int(10) unsigned NOT NULL AUTO_INCREMENT,
  `server` varchar(64) NOT NULL,
  `getvar` varchar(16) NOT NULL,
  PRIMARY KEY (`id_search_engine`)
) ENGINE=InnoDB  DEFAULT CHARSET=utf8 AUTO_INCREMENT=39 ;

--
-- Contenu de la table `ps_search_engine`
--

INSERT INTO `ps_search_engine` (`id_search_engine`, `server`, `getvar`) VALUES
(1, 'google', 'q'),
(2, 'aol', 'q'),
(3, 'yandex', 'text'),
(4, 'ask.com', 'q'),
(5, 'nhl.com', 'q'),
(6, 'yahoo', 'p'),
(7, 'baidu', 'wd'),
(8, 'lycos', 'query'),
(9, 'exalead', 'q'),
(10, 'search.live', 'q'),
(11, 'voila', 'rdata'),
(12, 'altavista', 'q'),
(13, 'bing', 'q'),
(14, 'daum', 'q'),
(15, 'eniro', 'search_word'),
(16, 'naver', 'query'),
(17, 'msn', 'q'),
(18, 'netscape', 'query'),
(19, 'cnn', 'query'),
(20, 'about', 'terms'),
(21, 'mamma', 'query'),
(22, 'alltheweb', 'q'),
(23, 'virgilio', 'qs'),
(24, 'alice', 'qs'),
(25, 'najdi', 'q'),
(26, 'mama', 'query'),
(27, 'seznam', 'q'),
(28, 'onet', 'qt'),
(29, 'szukacz', 'q'),
(30, 'yam', 'k'),
(31, 'pchome', 'q'),
(32, 'kvasir', 'q'),
(33, 'sesam', 'q'),
(34, 'ozu', 'q'),
(35, 'terra', 'query'),
(36, 'mynet', 'q'),
(37, 'ekolay', 'q'),
(38, 'rambler', 'words');

-- --------------------------------------------------------

--
-- Structure de la table `ps_search_index`
--

CREATE TABLE IF NOT EXISTS `ps_search_index` (
  `id_product` int(11) unsigned NOT NULL,
  `id_word` int(11) unsigned NOT NULL,
  `weight` smallint(4) unsigned NOT NULL DEFAULT '1',
  PRIMARY KEY (`id_word`,`id_product`)
) ENGINE=InnoDB DEFAULT CHARSET=utf8;

--
-- Contenu de la table `ps_search_index`
--

INSERT INTO `ps_search_index` (`id_product`, `id_word`, `weight`) VALUES
(4, 1, 7),
(36, 1, 7),
(42, 1, 7),
(47, 1, 1),
(1, 2, 6),
(1, 3, 1),
(2, 3, 1),
(1, 4, 1),
(2, 4, 1),
(4, 5, 7),
(1, 6, 4),
(2, 6, 12),
(3, 6, 5),
(4, 6, 10),
(5, 6, 4),
(6, 6, 4),
(7, 6, 3),
(8, 6, 11),
(9, 6, 4),
(10, 6, 4),
(11, 6, 10),
(12, 6, 15),
(13, 6, 4),
(14, 6, 4),
(15, 6, 11),
(16, 6, 10),
(17, 6, 11),
(18, 6, 18),
(21, 6, 1),
(34, 6, 1),
(35, 6, 1),
(42, 6, 4),
(44, 6, 1),
(53, 6, 1),
(1, 7, 1),
(2, 7, 1),
(1, 8, 1),
(2, 8, 1),
(43, 8, 1),
(1, 9, 1),
(2, 9, 1),
(1, 10, 1),
(31, 10, 1),
(1, 11, 1),
(1, 12, 1),
(1, 13, 1),
(45, 13, 2),
(1, 14, 1),
(1, 15, 2),
(1, 16, 2),
(7, 16, 1),
(9, 16, 2),
(10, 16, 2),
(42, 16, 2),
(1, 17, 2),
(7, 17, 7),
(1, 18, 2),
(3, 18, 1),
(5, 18, 1),
(9, 18, 8),
(10, 18, 9),
(12, 18, 1),
(13, 18, 1),
(16, 18, 1),
(25, 18, 1),
(42, 18, 8),
(53, 18, 1),
(1, 19, 2),
(13, 19, 1),
(14, 19, 1),
(1, 20, 1),
(2, 20, 1),
(3, 20, 1),
(5, 20, 1),
(6, 20, 1),
(7, 20, 1),
(8, 20, 1),
(11, 20, 1),
(12, 20, 1),
(14, 20, 1),
(19, 20, 1),
(20, 20, 2),
(21, 20, 1),
(22, 20, 1),
(23, 20, 1),
(24, 20, 1),
(26, 20, 1),
(27, 20, 1),
(28, 20, 1),
(29, 20, 1),
(30, 20, 1),
(31, 20, 1),
(34, 20, 1),
(37, 20, 1),
(40, 20, 6),
(43, 20, 1),
(55, 20, 1),
(59, 20, 1),
(1, 21, 1),
(2, 21, 1),
(3, 21, 1),
(5, 21, 1),
(6, 21, 1),
(7, 21, 1),
(8, 21, 1),
(11, 21, 1),
(12, 21, 1),
(14, 21, 1),
(19, 21, 1),
(20, 21, 1),
(21, 21, 1),
(22, 21, 1),
(23, 21, 1),
(24, 21, 1),
(26, 21, 1),
(27, 21, 1),
(28, 21, 1),
(29, 21, 1),
(30, 21, 1),
(31, 21, 1),
(37, 21, 1),
(39, 21, 1),
(55, 21, 1),
(59, 21, 1),
(45, 22, 3),
(47, 22, 3),
(4, 111, 3),
(17, 111, 3),
(23, 111, 4),
(25, 111, 3),
(27, 111, 3),
(28, 111, 3),
(29, 111, 3),
(30, 111, 3),
(31, 111, 3),
(32, 111, 3),
(33, 111, 3),
(34, 111, 4),
(35, 111, 3),
(36, 111, 4),
(37, 111, 3),
(38, 111, 3),
(39, 111, 3),
(40, 111, 3),
(41, 111, 3),
(42, 111, 3),
(43, 111, 3),
(45, 111, 1),
(53, 111, 1),
(54, 111, 3),
(55, 111, 3),
(56, 111, 3),
(57, 111, 3),
(2, 266, 6),
(8, 266, 1),
(2, 267, 1),
(2, 269, 1),
(2, 270, 1),
(3, 270, 1),
(6, 270, 1),
(7, 270, 1),
(8, 270, 7),
(15, 270, 1),
(16, 270, 7),
(18, 270, 1),
(19, 270, 1),
(4, 271, 1),
(23, 271, 1),
(25, 271, 1),
(34, 271, 1),
(35, 271, 1),
(36, 271, 1),
(40, 271, 1),
(46, 271, 1),
(47, 271, 1),
(49, 271, 1),
(57, 271, 1),
(2, 272, 1),
(4, 272, 1),
(5, 272, 7),
(8, 272, 2),
(11, 272, 7),
(21, 272, 1),
(53, 272, 1),
(2, 273, 1),
(17, 273, 1),
(2, 274, 1),
(15, 274, 1),
(16, 274, 1),
(17, 274, 1),
(2, 275, 1),
(26, 275, 6),
(40, 275, 2),
(41, 275, 2),
(44, 275, 2),
(2, 276, 1),
(3, 276, 1),
(12, 276, 1),
(17, 276, 1),
(2, 277, 1),
(3, 277, 1),
(4, 277, 1),
(5, 277, 1),
(8, 277, 1),
(11, 277, 1),
(14, 277, 1),
(2, 278, 1),
(6, 278, 1),
(11, 278, 1),
(1, 310, 3),
(2, 310, 10),
(3, 310, 9),
(4, 310, 2),
(5, 310, 8),
(6, 310, 10),
(11, 310, 8),
(1, 311, 3),
(2, 311, 10),
(3, 311, 9),
(4, 311, 2),
(5, 311, 8),
(6, 311, 10),
(11, 311, 8),
(12, 311, 5),
(14, 311, 3),
(15, 311, 1),
(21, 311, 1),
(32, 311, 1),
(33, 311, 2),
(34, 311, 1),
(37, 311, 1),
(38, 311, 1),
(43, 311, 1),
(54, 311, 1),
(4, 312, 2),
(23, 312, 8),
(27, 312, 5),
(28, 312, 5),
(29, 312, 10),
(30, 312, 10),
(31, 312, 10),
(33, 312, 2),
(34, 312, 7),
(35, 312, 9),
(36, 312, 8),
(37, 312, 1),
(38, 312, 2),
(39, 312, 3),
(42, 312, 10),
(43, 312, 1),
(44, 312, 1),
(54, 312, 4),
(55, 312, 10),
(56, 312, 1),
(3, 585, 6),
(3, 586, 7),
(3, 587, 1),
(3, 588, 1),
(3, 589, 1),
(3, 590, 1),
(3, 591, 1),
(3, 592, 1),
(3, 593, 1),
(3, 594, 1),
(5, 594, 1),
(3, 595, 1),
(12, 595, 1),
(3, 596, 1),
(12, 596, 1),
(17, 596, 1),
(5, 823, 1),
(7, 823, 1),
(9, 823, 1),
(11, 823, 1),
(12, 823, 1),
(13, 823, 1),
(14, 823, 2),
(18, 823, 1),
(20, 823, 1),
(31, 823, 1),
(37, 823, 1),
(39, 823, 1),
(42, 823, 1),
(45, 823, 1),
(47, 823, 1),
(52, 823, 2),
(53, 823, 2),
(59, 823, 2),
(61, 823, 4),
(5, 824, 1),
(11, 824, 1),
(5, 825, 1),
(11, 825, 1),
(5, 826, 1),
(11, 826, 1),
(5, 827, 1),
(11, 827, 1),
(5, 828, 1),
(11, 828, 1),
(5, 829, 1),
(6, 829, 1),
(11, 829, 1),
(16, 829, 1),
(17, 829, 1),
(5, 830, 1),
(7, 830, 1),
(8, 830, 1),
(11, 830, 1),
(12, 830, 1),
(14, 830, 1),
(19, 830, 1),
(20, 830, 1),
(21, 830, 1),
(22, 830, 1),
(23, 830, 1),
(24, 830, 1),
(26, 830, 1),
(27, 830, 1),
(28, 830, 1),
(29, 830, 1),
(30, 830, 1),
(31, 830, 1),
(37, 830, 1),
(55, 830, 1),
(59, 830, 1),
(6, 993, 6),
(6, 994, 6),
(6, 995, 1),
(6, 996, 1),
(6, 997, 1),
(6, 998, 1),
(6, 999, 1),
(6, 1000, 1),
(6, 1001, 1),
(6, 1002, 1),
(6, 1003, 1),
(6, 1004, 1),
(11, 1004, 1),
(53, 1004, 1),
(6, 1005, 1),
(11, 1005, 1),
(21, 1005, 1),
(6, 1006, 1),
(11, 1006, 1),
(7, 1171, 6),
(7, 1172, 1),
(14, 1172, 1),
(20, 1172, 1),
(21, 1172, 1),
(29, 1172, 1),
(30, 1172, 1),
(34, 1172, 2),
(39, 1172, 1),
(40, 1172, 1),
(41, 1172, 6),
(59, 1172, 1),
(7, 1173, 1),
(7, 1174, 1),
(7, 1175, 1),
(7, 1176, 1),
(29, 1176, 1),
(30, 1176, 1),
(7, 1177, 1),
(29, 1177, 1),
(30, 1177, 1),
(7, 1178, 1),
(59, 1178, 1),
(8, 1280, 14),
(8, 1281, 7),
(8, 1282, 1),
(8, 1283, 1),
(8, 1284, 1),
(6, 1285, 1),
(8, 1285, 1),
(15, 1285, 1),
(16, 1285, 1),
(17, 1285, 1),
(8, 1286, 1),
(20, 1286, 1),
(8, 1287, 1),
(32, 1287, 1),
(9, 1373, 6),
(10, 1373, 6),
(25, 1373, 7),
(42, 1373, 6),
(9, 1374, 7),
(11, 1374, 13),
(35, 1374, 1),
(39, 1374, 1),
(41, 1374, 1),
(42, 1374, 7),
(46, 1374, 7),
(54, 1374, 9),
(9, 1375, 7),
(11, 1375, 1),
(9, 1376, 1),
(10, 1376, 1),
(42, 1376, 1),
(9, 1377, 1),
(42, 1377, 1),
(9, 1378, 1),
(13, 1378, 1),
(14, 1378, 1),
(31, 1378, 1),
(42, 1378, 1),
(9, 1379, 1),
(42, 1379, 1),
(9, 1380, 1),
(11, 1380, 1),
(42, 1380, 1),
(9, 1399, 2),
(10, 1399, 4),
(42, 1399, 2),
(9, 1415, 2),
(10, 1415, 2),
(42, 1415, 2),
(9, 1432, 2),
(10, 1432, 2),
(42, 1432, 2),
(9, 1450, 2),
(10, 1450, 2),
(42, 1450, 2),
(9, 1469, 2),
(10, 1469, 2),
(42, 1469, 2),
(10, 1509, 1),
(10, 1510, 1),
(10, 1590, 2),
(11, 1622, 6),
(12, 1791, 6),
(15, 1791, 7),
(16, 1791, 7),
(17, 1791, 7),
(18, 1791, 7),
(12, 1792, 7),
(12, 1793, 6),
(12, 1794, 1),
(12, 1795, 1),
(32, 1795, 1),
(12, 1796, 1),
(12, 1797, 1),
(12, 1798, 1),
(44, 1798, 1),
(54, 1798, 6),
(12, 1799, 1),
(12, 1800, 1),
(15, 1800, 1),
(17, 1800, 1),
(20, 1800, 1),
(12, 1801, 1),
(12, 1802, 1),
(12, 1803, 1),
(12, 1804, 1),
(12, 1805, 1),
(12, 1806, 1),
(14, 1806, 2),
(21, 1806, 1),
(12, 1807, 1),
(14, 1807, 1),
(21, 1807, 1),
(12, 1863, 3),
(14, 1863, 4),
(20, 1863, 7),
(22, 1863, 1),
(26, 1863, 1),
(29, 1863, 1),
(30, 1863, 1),
(40, 1863, 7),
(55, 1863, 1),
(56, 1863, 1),
(57, 1863, 1),
(12, 1888, 3),
(14, 1888, 2),
(12, 1940, 6),
(14, 1940, 2),
(12, 1994, 4),
(56, 1994, 6),
(13, 2078, 6),
(31, 2078, 6),
(13, 2079, 6),
(14, 2079, 6),
(13, 2080, 1),
(14, 2080, 1),
(13, 2081, 1),
(14, 2081, 1),
(18, 2081, 1),
(38, 2081, 1),
(39, 2081, 1),
(54, 2081, 1),
(13, 2082, 1),
(14, 2082, 1),
(13, 2083, 1),
(14, 2083, 1),
(13, 2084, 1),
(14, 2084, 1),
(13, 2085, 1),
(14, 2085, 1),
(14, 2187, 6),
(14, 2188, 1),
(15, 2188, 1),
(16, 2188, 1),
(14, 2189, 1),
(14, 2190, 1),
(15, 2369, 1),
(17, 2369, 1),
(15, 2370, 1),
(17, 2370, 1),
(15, 2371, 1),
(17, 2371, 1),
(15, 2372, 1),
(16, 2372, 1),
(17, 2372, 1),
(29, 2372, 1),
(30, 2372, 1),
(15, 2373, 1),
(16, 2373, 1),
(15, 2374, 1),
(16, 2374, 1),
(15, 2375, 1),
(16, 2375, 1),
(17, 2375, 1),
(53, 2375, 1),
(15, 2376, 1),
(16, 2376, 1),
(15, 2377, 1),
(47, 2428, 2),
(47, 2429, 2),
(16, 2468, 8),
(34, 2468, 1),
(38, 2468, 7),
(40, 2468, 7),
(44, 2468, 1),
(54, 2468, 1),
(16, 2469, 1),
(16, 2470, 1),
(16, 2471, 1),
(16, 2472, 1),
(17, 2544, 7),
(18, 2630, 6),
(33, 2630, 6),
(18, 2631, 1),
(18, 2632, 1),
(18, 2633, 1),
(33, 2633, 1),
(18, 2634, 1),
(18, 2635, 1),
(18, 2636, 1),
(18, 2637, 1),
(19, 2818, 6),
(19, 2819, 6),
(19, 2820, 1),
(19, 2821, 1),
(22, 2821, 1),
(26, 2821, 1),
(29, 2821, 1),
(30, 2821, 1),
(40, 2821, 1),
(55, 2821, 1),
(56, 2821, 1),
(19, 2822, 1),
(45, 2822, 1),
(19, 2823, 1),
(19, 2824, 1),
(19, 2825, 1),
(19, 2826, 2),
(20, 2826, 1),
(21, 2826, 2),
(19, 2827, 2),
(20, 2827, 1),
(21, 2827, 2),
(19, 2828, 1),
(25, 2828, 1),
(19, 2829, 1),
(57, 2829, 1),
(19, 2830, 1),
(38, 2830, 1),
(39, 2830, 1),
(54, 2830, 1),
(19, 2831, 1),
(22, 2831, 1),
(26, 2831, 1),
(29, 2831, 1),
(30, 2831, 1),
(55, 2831, 1),
(56, 2831, 1),
(19, 2832, 1),
(22, 2832, 1),
(25, 2832, 1),
(26, 2832, 1),
(29, 2832, 1),
(30, 2832, 1),
(55, 2832, 1),
(56, 2832, 1),
(60, 2832, 2),
(19, 2835, 3),
(20, 2835, 4),
(21, 2835, 4),
(19, 2888, 2),
(19, 2928, 2),
(20, 3006, 7),
(20, 3007, 7),
(20, 3008, 1),
(20, 3009, 1),
(21, 3009, 1),
(20, 3010, 1),
(20, 3011, 1),
(20, 3012, 1),
(20, 3013, 1),
(21, 3013, 1),
(20, 3014, 1),
(20, 3015, 1),
(20, 3016, 1),
(33, 3016, 1),
(20, 3017, 4),
(20, 3097, 3),
(45, 3097, 2),
(12, 3123, 1),
(20, 3123, 2),
(22, 3123, 2),
(23, 3123, 2),
(26, 3123, 2),
(27, 3123, 2),
(28, 3123, 2),
(29, 3123, 3),
(30, 3123, 3),
(31, 3123, 2),
(36, 3123, 2),
(55, 3123, 2),
(21, 3204, 7),
(21, 3205, 1),
(21, 3206, 1),
(21, 3207, 1),
(21, 3208, 1),
(21, 3209, 1),
(21, 3211, 1),
(23, 3461, 10),
(25, 3461, 10),
(27, 3461, 10),
(28, 3461, 10),
(29, 3461, 11),
(30, 3461, 11),
(31, 3461, 10),
(32, 3461, 11),
(33, 3461, 10),
(34, 3461, 4),
(35, 3461, 3),
(36, 3461, 10),
(37, 3461, 3),
(38, 3461, 3),
(39, 3461, 3),
(40, 3461, 3),
(41, 3461, 3),
(43, 3461, 3),
(44, 3461, 1),
(45, 3461, 9),
(49, 3461, 7),
(55, 3461, 10),
(56, 3461, 10),
(57, 3461, 3),
(22, 3462, 7),
(25, 3462, 7),
(26, 3462, 7),
(29, 3462, 7),
(30, 3462, 7),
(55, 3462, 7),
(56, 3462, 7),
(22, 3463, 6),
(26, 3463, 6),
(29, 3463, 7),
(30, 3463, 7),
(45, 3463, 1),
(55, 3463, 6),
(56, 3463, 6),
(22, 3464, 6),
(28, 3464, 6),
(40, 3464, 2),
(41, 3464, 2),
(54, 3464, 2),
(22, 3465, 1),
(25, 3465, 1),
(26, 3465, 1),
(29, 3465, 1),
(30, 3465, 1),
(40, 3465, 1),
(55, 3465, 1),
(56, 3465, 1),
(36, 3682, 6),
(23, 3683, 1),
(34, 3683, 1),
(36, 3683, 1),
(23, 3684, 1),
(34, 3684, 1),
(36, 3684, 1),
(23, 3685, 1),
(34, 3685, 1),
(36, 3685, 1),
(52, 3685, 1),
(23, 3686, 1),
(34, 3686, 1),
(36, 3686, 1),
(23, 3687, 1),
(34, 3687, 1),
(36, 3687, 1),
(23, 3688, 1),
(34, 3688, 1),
(36, 3688, 1),
(36, 3689, 9),
(36, 3690, 1),
(47, 3690, 1),
(36, 3691, 1),
(47, 3691, 1),
(38, 3861, 7),
(43, 3861, 1),
(54, 3861, 1),
(27, 3862, 1),
(28, 3862, 1),
(29, 3862, 1),
(30, 3862, 1),
(32, 3862, 1),
(44, 3862, 1),
(45, 3862, 1),
(25, 4006, 7),
(60, 4006, 6),
(25, 4007, 1),
(40, 4007, 2),
(41, 4007, 2),
(44, 4007, 2),
(54, 4007, 2),
(57, 4007, 1),
(25, 4008, 1),
(25, 4009, 1),
(39, 4009, 1),
(27, 4144, 7),
(28, 4144, 7),
(27, 4145, 6),
(29, 4145, 6),
(35, 4145, 1),
(40, 4145, 3),
(41, 4145, 2),
(44, 4145, 3),
(51, 4145, 3),
(55, 4145, 6),
(59, 4145, 1),
(27, 4146, 1),
(28, 4146, 1),
(27, 4147, 1),
(28, 4147, 1),
(29, 4236, 6),
(30, 4236, 6),
(29, 4237, 1),
(30, 4237, 1),
(29, 4238, 1),
(30, 4238, 1),
(29, 4240, 1),
(30, 4240, 1),
(29, 4241, 1),
(30, 4241, 1),
(52, 4241, 1),
(53, 4241, 1),
(61, 4241, 2),
(29, 4242, 1),
(30, 4242, 1),
(29, 4243, 1),
(30, 4243, 1),
(30, 4462, 6),
(40, 4462, 2),
(41, 4462, 2),
(44, 4462, 2),
(31, 4610, 6),
(35, 4610, 7),
(44, 4610, 9),
(45, 4610, 1),
(57, 4610, 7),
(31, 4611, 1),
(37, 4611, 1),
(31, 4612, 1),
(31, 4613, 1),
(31, 4614, 1),
(31, 4615, 1),
(31, 4616, 1),
(32, 4684, 7),
(32, 4685, 1),
(32, 4686, 1),
(32, 4687, 1),
(32, 4688, 1),
(47, 4688, 1),
(52, 4688, 1),
(53, 4688, 1),
(61, 4688, 2),
(32, 4689, 1),
(47, 4689, 1),
(52, 4689, 1),
(61, 4689, 2),
(32, 4690, 1),
(32, 4691, 1),
(32, 4692, 1),
(51, 4692, 1),
(32, 4693, 1),
(32, 4694, 1),
(33, 4737, 6),
(45, 4737, 1),
(33, 4738, 1),
(33, 4739, 1),
(33, 4740, 1),
(33, 4741, 1),
(33, 4742, 1),
(44, 4742, 1),
(33, 4743, 1),
(33, 4744, 1),
(33, 4745, 1),
(33, 4746, 1),
(34, 4803, 6),
(34, 4804, 1),
(43, 4804, 18),
(47, 4804, 8),
(34, 4805, 1),
(34, 4806, 1),
(35, 4806, 2),
(40, 4806, 1),
(44, 4806, 2),
(57, 4806, 1),
(34, 4807, 1),
(35, 4807, 1),
(40, 4807, 1),
(44, 4807, 1),
(57, 4807, 1),
(35, 4922, 1),
(37, 4922, 1),
(35, 4923, 1),
(44, 4923, 1),
(35, 4924, 1),
(44, 4924, 1),
(37, 5093, 1),
(38, 5171, 7),
(39, 5171, 7),
(54, 5171, 7),
(39, 5199, 1),
(40, 5293, 6),
(40, 5294, 1),
(40, 5341, 2),
(41, 5341, 2),
(44, 5341, 2),
(40, 5417, 2),
(41, 5417, 2),
(40, 5439, 2),
(41, 5439, 2),
(44, 5439, 2),
(41, 5486, 9),
(41, 5487, 1),
(42, 5608, 7),
(43, 5772, 1),
(43, 5773, 1),
(43, 5774, 1),
(43, 5775, 1),
(53, 5775, 1),
(44, 5905, 8),
(44, 5906, 1),
(44, 5907, 1),
(44, 5909, 1),
(44, 5910, 1),
(51, 5910, 6),
(17, 5911, 1),
(23, 5911, 1),
(25, 5911, 1),
(29, 5911, 3),
(30, 5911, 3),
(31, 5911, 3),
(32, 5911, 1),
(34, 5911, 1),
(35, 5911, 3),
(38, 5911, 1),
(39, 5911, 1),
(44, 5911, 1),
(54, 5911, 1),
(55, 5911, 3),
(56, 5911, 1),
(57, 5911, 1),
(44, 5912, 1),
(44, 5928, 3),
(45, 6040, 7),
(45, 6041, 1),
(45, 6042, 1),
(45, 6043, 1),
(45, 6044, 1),
(45, 6045, 1),
(45, 6046, 1),
(52, 6046, 1),
(61, 6046, 2),
(45, 6048, 1),
(45, 6049, 1),
(45, 6050, 1),
(45, 6051, 1),
(45, 6052, 1),
(45, 6119, 2),
(45, 6144, 1),
(45, 6145, 1),
(46, 6181, 6),
(47, 6181, 6),
(49, 6181, 6),
(46, 6182, 7),
(47, 6182, 7),
(49, 6182, 7),
(46, 6183, 1),
(47, 6183, 1),
(49, 6183, 1),
(46, 6184, 1),
(47, 6184, 1),
(49, 6184, 1),
(46, 6185, 1),
(47, 6185, 1),
(49, 6185, 1),
(46, 6186, 1),
(47, 6186, 1),
(49, 6186, 1),
(46, 6187, 1),
(47, 6187, 1),
(49, 6187, 1),
(46, 6188, 1),
(47, 6188, 1),
(49, 6188, 1),
(43, 6211, 1),
(47, 6211, 1),
(47, 6212, 1),
(23, 6381, 6),
(34, 6381, 6),
(37, 6381, 6),
(43, 6381, 6),
(50, 6381, 6),
(29, 6382, 1),
(30, 6382, 1),
(34, 6382, 1),
(39, 6382, 1),
(40, 6382, 7),
(41, 6382, 7),
(50, 6382, 8),
(59, 6382, 1),
(39, 6383, 1),
(50, 6383, 1),
(23, 6384, 7),
(31, 6384, 7),
(32, 6384, 7),
(33, 6384, 1),
(34, 6384, 7),
(35, 6384, 7),
(37, 6384, 6),
(38, 6384, 7),
(39, 6384, 8),
(40, 6384, 1),
(43, 6384, 7),
(44, 6384, 6),
(46, 6384, 1),
(49, 6384, 1),
(50, 6384, 2),
(51, 6384, 1),
(52, 6384, 2),
(53, 6384, 2),
(54, 6384, 13),
(23, 6385, 1),
(34, 6385, 1),
(39, 6385, 1),
(46, 6385, 1),
(49, 6385, 1),
(50, 6385, 1),
(23, 6386, 1),
(34, 6386, 1),
(39, 6386, 1),
(46, 6386, 1),
(49, 6386, 1),
(50, 6386, 1),
(50, 6387, 1),
(2, 6388, 1),
(50, 6388, 1),
(50, 6389, 1),
(50, 6390, 1),
(50, 6391, 1),
(44, 6392, 3),
(49, 6392, 1),
(50, 6392, 1),
(21, 6393, 1),
(50, 6393, 1),
(50, 6394, 1),
(50, 6395, 1),
(23, 6396, 10),
(34, 6396, 1),
(37, 6396, 7),
(50, 6396, 1),
(1, 6398, 1),
(2, 6398, 8),
(5, 6398, 7),
(11, 6398, 7),
(21, 6398, 7),
(41, 6398, 3),
(50, 6398, 1),
(52, 6398, 1),
(53, 6398, 1),
(61, 6398, 2),
(50, 6399, 1),
(50, 6400, 1),
(29, 6401, 1),
(30, 6401, 1),
(50, 6401, 1),
(46, 6402, 3),
(49, 6402, 3),
(50, 6402, 3),
(51, 6402, 3),
(52, 6402, 3),
(53, 6402, 3),
(17, 6403, 2),
(25, 6403, 2),
(32, 6403, 2),
(46, 6403, 2),
(49, 6403, 2),
(50, 6403, 2),
(52, 6403, 2),
(56, 6403, 2),
(57, 6403, 3),
(17, 6404, 2),
(25, 6404, 2),
(32, 6404, 2),
(46, 6404, 2),
(49, 6404, 2),
(50, 6404, 2),
(52, 6404, 2),
(56, 6404, 2),
(57, 6404, 3),
(51, 6471, 1),
(51, 6472, 1),
(51, 6473, 1),
(51, 6474, 3),
(51, 6475, 1),
(51, 6476, 1),
(51, 6477, 1),
(51, 6478, 1),
(51, 6479, 1),
(51, 6480, 1),
(51, 6481, 1),
(52, 6481, 1),
(61, 6481, 2),
(51, 6482, 1),
(51, 6483, 1),
(51, 6484, 1),
(51, 6485, 1),
(51, 6486, 1),
(52, 6553, 7),
(53, 6553, 7),
(61, 6553, 8),
(52, 6554, 7),
(53, 6554, 8),
(61, 6554, 8),
(52, 6555, 6),
(61, 6555, 6),
(52, 6556, 1),
(53, 6556, 1),
(61, 6556, 2),
(52, 6557, 1),
(53, 6557, 1),
(61, 6557, 2),
(52, 6558, 1),
(53, 6558, 1),
(61, 6558, 2),
(52, 6559, 1),
(53, 6559, 1),
(61, 6559, 2),
(52, 6560, 1),
(53, 6560, 1),
(61, 6560, 2),
(52, 6561, 1),
(53, 6561, 1),
(61, 6561, 2),
(52, 6562, 1),
(53, 6562, 1),
(61, 6562, 2),
(52, 6563, 1),
(53, 6563, 1),
(61, 6563, 2),
(52, 6564, 1),
(61, 6564, 2),
(53, 6599, 1),
(53, 6600, 1),
(53, 6601, 1),
(53, 6602, 1),
(53, 6603, 1),
(53, 6604, 1),
(53, 6715, 2),
(25, 7026, 1),
(29, 7026, 1),
(30, 7026, 1),
(31, 7026, 1),
(32, 7026, 1),
(33, 7026, 1),
(35, 7026, 1),
(38, 7026, 1),
(39, 7026, 1),
(43, 7026, 1),
(54, 7026, 1),
(55, 7026, 1),
(57, 7026, 1),
(1, 7027, 3),
(19, 7027, 1),
(20, 7027, 3),
(22, 7027, 3),
(25, 7027, 1),
(26, 7027, 3),
(29, 7027, 3),
(30, 7027, 3),
(31, 7027, 3),
(55, 7027, 3),
(56, 7027, 1),
(57, 7027, 1),
(60, 7027, 1),
(1, 7166, 1),
(2, 7166, 1),
(3, 7166, 1),
(6, 7166, 1),
(21, 9093, 1),
(29, 9880, 1),
(30, 9880, 1),
(32, 10092, 1),
(33, 10150, 1),
(35, 10428, 1),
(38, 10641, 1),
(54, 10641, 1),
(43, 11219, 1),
(43, 11220, 1),
(50, 11410, 1),
(1, 11411, 1),
(1, 11412, 1),
(3, 11413, 1),
(3, 11414, 1),
(14, 11442, 1),
(14, 11443, 1),
(20, 11474, 2),
(24, 11504, 1),
(35, 11504, 1),
(35, 11505, 1),
(22, 11523, 1),
(26, 11523, 1),
(29, 11523, 1),
(30, 11523, 1),
(31, 11523, 1),
(55, 11523, 1),
(22, 11524, 1),
(26, 11524, 1),
(29, 11524, 1),
(30, 11524, 1),
(31, 11524, 1),
(55, 11524, 1),
(56, 12270, 1),
(57, 12298, 6),
(57, 12299, 2),
(57, 12300, 1),
(57, 12301, 1),
(24, 12397, 6),
(59, 12397, 6),
(24, 12398, 6),
(59, 12398, 6),
(59, 12399, 6),
(24, 12400, 1),
(59, 12400, 1),
(24, 12401, 1),
(59, 12401, 1),
(1, 12402, 3),
(2, 12402, 3),
(3, 12402, 3),
(5, 12402, 3),
(6, 12402, 3),
(7, 12402, 3),
(8, 12402, 3),
(9, 12402, 3),
(10, 12402, 3),
(11, 12402, 3),
(12, 12402, 3),
(13, 12402, 3),
(14, 12402, 3),
(15, 12402, 3),
(16, 12402, 3),
(18, 12402, 3),
(19, 12402, 3),
(20, 12402, 3),
(21, 12402, 3),
(22, 12402, 3),
(24, 12402, 4),
(26, 12402, 3),
(59, 12402, 1),
(60, 12402, 3),
(24, 12403, 1),
(59, 12403, 1),
(61, 12403, 2),
(24, 12404, 1),
(59, 12404, 1),
(24, 12405, 1),
(59, 12405, 1),
(24, 12406, 1),
(59, 12406, 1),
(1, 12407, 8),
(2, 12407, 7),
(3, 12407, 7),
(5, 12407, 7),
(6, 12407, 7),
(7, 12407, 6),
(9, 12407, 7),
(10, 12407, 7),
(11, 12407, 7),
(13, 12407, 6),
(14, 12407, 6),
(21, 12407, 7),
(24, 12407, 7),
(59, 12407, 1),
(61, 12407, 4),
(2, 12408, 1),
(3, 12408, 1),
(5, 12408, 1),
(8, 12408, 1),
(11, 12408, 1),
(24, 12408, 1),
(59, 12408, 1),
(60, 12408, 2),
(24, 12409, 1),
(59, 12409, 1),
(22, 12410, 10),
(24, 12410, 10),
(26, 12410, 10),
(59, 12410, 1),
(60, 12410, 5),
(24, 12411, 1),
(59, 12411, 1),
(60, 12411, 2),
(59, 12412, 1),
(59, 12413, 1),
(59, 12414, 1),
(59, 12415, 1),
(59, 12416, 1),
(1, 12417, 1),
(3, 12417, 1),
(14, 12417, 1),
(18, 12417, 1),
(20, 12417, 1),
(22, 12417, 1),
(24, 12417, 1),
(26, 12417, 1),
(59, 12417, 1),
(60, 12417, 1),
(1, 12418, 1),
(2, 12418, 10),
(3, 12418, 7),
(5, 12418, 8),
(6, 12418, 10),
(7, 12418, 7),
(8, 12418, 5),
(9, 12418, 10),
(10, 12418, 12),
(11, 12418, 8),
(13, 12418, 6),
(14, 12418, 3),
(19, 12418, 7),
(20, 12418, 12),
(22, 12418, 10),
(24, 12418, 9),
(26, 12418, 10),
(59, 12418, 7),
(1, 12419, 3),
(14, 12419, 1),
(15, 12419, 1),
(16, 12419, 1),
(19, 12419, 1),
(20, 12419, 3),
(22, 12419, 3),
(24, 12419, 3),
(26, 12419, 3),
(59, 12419, 2),
(24, 12420, 1),
(59, 12420, 1),
(59, 12422, 3),
(59, 12548, 1),
(1, 12583, 8),
(2, 12583, 7),
(3, 12583, 7),
(5, 12583, 7),
(6, 12583, 7),
(7, 12583, 6),
(9, 12583, 7),
(10, 12583, 7),
(11, 12583, 7),
(13, 12583, 6),
(14, 12583, 6),
(21, 12583, 7),
(24, 12583, 7),
(1, 12584, 6),
(1, 12585, 7),
(1, 12586, 2),
(1, 12587, 2),
(7, 12587, 1),
(9, 12587, 2),
(10, 12587, 2),
(1, 12588, 2),
(7, 12588, 7),
(1, 12589, 2),
(3, 12589, 1),
(5, 12589, 1),
(9, 12589, 8),
(10, 12589, 9),
(12, 12589, 1),
(13, 12589, 1),
(16, 12589, 1),
(1, 12590, 2),
(13, 12590, 1),
(14, 12590, 1),
(1, 12591, 1),
(2, 12591, 1),
(1, 12592, 1),
(2, 12592, 1),
(1, 12593, 1),
(1, 12594, 1),
(2, 12594, 8),
(5, 12594, 7),
(11, 12594, 7),
(21, 12594, 7),
(1, 12595, 4),
(2, 12595, 12),
(3, 12595, 5),
(5, 12595, 4),
(6, 12595, 4),
(7, 12595, 3),
(8, 12595, 11),
(9, 12595, 4),
(10, 12595, 4),
(11, 12595, 10),
(12, 12595, 15),
(13, 12595, 4),
(14, 12595, 4),
(15, 12595, 11),
(16, 12595, 10),
(18, 12595, 18),
(21, 12595, 1),
(1, 12596, 1),
(2, 12596, 2),
(1, 12597, 1),
(2, 12597, 1),
(1, 12598, 1),
(2, 12598, 1),
(1, 12599, 1),
(2, 12599, 1),
(1, 12600, 1),
(1, 12601, 1),
(1, 12602, 1),
(10, 12602, 1),
(18, 12602, 1),
(19, 12602, 1),
(1, 12603, 1),
(1, 12604, 1),
(3, 12604, 1),
(1, 12605, 1),
(1, 12606, 1),
(1, 12607, 1),
(1, 12608, 1),
(3, 12608, 1),
(14, 12608, 1),
(18, 12608, 1),
(20, 12608, 1),
(22, 12608, 1),
(24, 12608, 1),
(26, 12608, 1),
(1, 12609, 3),
(2, 12609, 10),
(3, 12609, 9),
(5, 12609, 8),
(6, 12609, 10),
(11, 12609, 8),
(1, 12610, 3),
(14, 12610, 1),
(15, 12610, 1),
(16, 12610, 1),
(19, 12610, 1),
(20, 12610, 3),
(22, 12610, 3),
(24, 12610, 3),
(26, 12610, 3),
(1, 12611, 3),
(19, 12611, 1),
(20, 12611, 3),
(22, 12611, 3),
(26, 12611, 3),
(1, 12612, 3),
(2, 12612, 10),
(3, 12612, 9),
(5, 12612, 8),
(6, 12612, 10),
(11, 12612, 8),
(12, 12612, 5),
(14, 12612, 3),
(15, 12612, 1),
(21, 12612, 1),
(1, 12613, 1),
(1, 12614, 1),
(1, 12615, 1),
(2, 12615, 10),
(3, 12615, 7),
(5, 12615, 8),
(6, 12615, 10),
(7, 12615, 7),
(8, 12615, 5),
(9, 12615, 10),
(10, 12615, 12),
(11, 12615, 8),
(13, 12615, 6),
(14, 12615, 3),
(19, 12615, 7),
(20, 12615, 12),
(22, 12615, 10),
(24, 12615, 9),
(26, 12615, 10),
(1, 12616, 1),
(2, 12616, 1),
(3, 12616, 1),
(5, 12616, 1),
(6, 12616, 1),
(7, 12616, 1),
(8, 12616, 1),
(11, 12616, 1),
(12, 12616, 1),
(14, 12616, 1),
(19, 12616, 1),
(20, 12616, 2),
(21, 12616, 1),
(22, 12616, 1),
(26, 12616, 1),
(1, 12617, 1),
(2, 12617, 1),
(3, 12617, 1),
(5, 12617, 1),
(6, 12617, 1),
(7, 12617, 1),
(8, 12617, 1),
(11, 12617, 1),
(12, 12617, 1),
(14, 12617, 1),
(19, 12617, 1),
(20, 12617, 1),
(21, 12617, 1),
(22, 12617, 1),
(26, 12617, 1),
(1, 12618, 1),
(2, 12618, 1),
(3, 12618, 1),
(6, 12618, 1),
(1, 12619, 7),
(2, 12619, 1),
(3, 12619, 1),
(5, 12619, 1),
(6, 12619, 1),
(11, 12619, 1),
(1, 12620, 3),
(2, 12620, 3),
(3, 12620, 3),
(5, 12620, 3),
(6, 12620, 3),
(7, 12620, 3),
(8, 12620, 3),
(9, 12620, 3),
(10, 12620, 3),
(11, 12620, 3),
(12, 12620, 3),
(13, 12620, 3),
(14, 12620, 3),
(15, 12620, 3),
(16, 12620, 3),
(18, 12620, 3),
(19, 12620, 3),
(20, 12620, 3),
(21, 12620, 3),
(22, 12620, 3),
(24, 12620, 4),
(26, 12620, 3),
(2, 12718, 6),
(8, 12718, 1),
(2, 12719, 1),
(2, 12720, 1),
(2, 12721, 1),
(2, 12722, 1),
(3, 12722, 1),
(6, 12722, 1),
(7, 12722, 1),
(8, 12722, 7),
(15, 12722, 1),
(16, 12722, 7),
(18, 12722, 1),
(19, 12722, 1),
(2, 12723, 1),
(3, 12723, 1),
(5, 12723, 1),
(8, 12723, 1),
(11, 12723, 1),
(24, 12723, 1),
(2, 12724, 1),
(5, 12724, 7),
(8, 12724, 2),
(11, 12724, 7),
(21, 12724, 1),
(2, 12725, 1),
(2, 12726, 1),
(15, 12726, 1),
(16, 12726, 1),
(2, 12727, 1),
(26, 12727, 6),
(2, 12728, 1),
(3, 12728, 1),
(12, 12728, 1),
(2, 12729, 1),
(3, 12729, 1),
(5, 12729, 1),
(8, 12729, 1),
(11, 12729, 1),
(14, 12729, 1),
(2, 12730, 1),
(6, 12730, 1),
(11, 12730, 1),
(3, 12835, 6),
(3, 12836, 7),
(3, 12837, 7),
(3, 12838, 1),
(3, 12839, 1),
(3, 12840, 1),
(3, 12841, 1),
(3, 12842, 1),
(3, 12843, 1),
(3, 12844, 1),
(3, 12845, 1),
(5, 12845, 1),
(3, 12846, 1),
(12, 12846, 1),
(3, 12847, 1),
(12, 12847, 1),
(3, 12848, 1),
(3, 12849, 1),
(5, 12950, 1),
(7, 12950, 1),
(9, 12950, 1),
(11, 12950, 1),
(12, 12950, 1),
(13, 12950, 1),
(14, 12950, 2),
(18, 12950, 1),
(20, 12950, 1),
(5, 12951, 1),
(11, 12951, 1),
(5, 12952, 1),
(11, 12952, 1),
(5, 12953, 1),
(11, 12953, 1),
(5, 12954, 1),
(11, 12954, 1),
(5, 12955, 1),
(11, 12955, 1),
(5, 12956, 1),
(6, 12956, 1),
(11, 12956, 1),
(16, 12956, 1),
(5, 12957, 1),
(7, 12957, 1),
(8, 12957, 1),
(11, 12957, 1),
(12, 12957, 1),
(14, 12957, 1),
(19, 12957, 1),
(20, 12957, 1),
(21, 12957, 1),
(22, 12957, 1),
(26, 12957, 1),
(5, 12958, 1),
(7, 12958, 1),
(8, 12958, 1),
(11, 12958, 1),
(12, 12958, 1),
(14, 12958, 1),
(19, 12958, 1),
(20, 12958, 1),
(21, 12958, 1),
(22, 12958, 1),
(26, 12958, 1),
(6, 13047, 6),
(6, 13048, 6),
(6, 13049, 1),
(7, 13049, 1),
(13, 13049, 1),
(14, 13049, 1),
(20, 13049, 1),
(6, 13050, 1),
(9, 13050, 2),
(10, 13050, 3),
(11, 13050, 6),
(12, 13050, 6),
(18, 13050, 1),
(19, 13050, 2),
(24, 13050, 7),
(6, 13051, 1),
(6, 13052, 1),
(6, 13053, 1),
(6, 13054, 1),
(6, 13055, 1),
(6, 13056, 1),
(21, 13056, 1),
(6, 13057, 1),
(6, 13058, 1),
(6, 13059, 1),
(8, 13059, 1),
(15, 13059, 1),
(18, 13059, 1),
(20, 13059, 1),
(21, 13059, 1),
(22, 13059, 1),
(26, 13059, 1),
(6, 13060, 1),
(6, 13061, 1),
(6, 13062, 1),
(6, 13063, 1),
(11, 13063, 1),
(6, 13064, 1),
(11, 13064, 1),
(21, 13064, 1),
(6, 13065, 1),
(11, 13065, 1),
(6, 13066, 1),
(8, 13066, 1),
(15, 13066, 1),
(16, 13066, 1),
(7, 13140, 1),
(15, 13140, 2),
(16, 13140, 2),
(18, 13140, 2),
(60, 13140, 2),
(15, 13141, 2),
(16, 13141, 2),
(18, 13141, 2),
(60, 13141, 2),
(12, 13161, 6),
(15, 13161, 7),
(16, 13161, 7),
(18, 13161, 7),
(15, 13162, 1),
(12, 13163, 1),
(15, 13163, 1),
(20, 13163, 1),
(15, 13164, 1),
(15, 13165, 1),
(15, 13166, 1),
(16, 13166, 1),
(15, 13167, 1),
(16, 13167, 1),
(14, 13168, 1),
(15, 13168, 1),
(16, 13168, 1),
(15, 13169, 1),
(16, 13169, 1),
(15, 13170, 1),
(16, 13170, 1),
(15, 13171, 1),
(16, 13171, 1),
(15, 13172, 1),
(7, 13173, 1),
(15, 13173, 2),
(16, 13173, 2),
(18, 13173, 2),
(15, 13174, 2),
(16, 13174, 2),
(18, 13174, 2),
(7, 13246, 6),
(7, 13247, 1),
(14, 13247, 1),
(20, 13247, 1),
(21, 13247, 1),
(7, 13248, 1),
(7, 13249, 1),
(7, 13250, 1),
(7, 13251, 1),
(7, 13252, 1),
(7, 13253, 1),
(8, 13329, 14),
(8, 13330, 7),
(8, 13331, 1),
(8, 13332, 1),
(8, 13333, 1),
(8, 13334, 1),
(20, 13334, 1),
(8, 13335, 1),
(9, 13410, 6),
(10, 13410, 6),
(9, 13411, 7),
(11, 13411, 13),
(9, 13412, 7),
(11, 13412, 1),
(9, 13413, 1),
(10, 13413, 1),
(12, 13413, 4),
(9, 13414, 1),
(10, 13414, 1),
(9, 13415, 1),
(9, 13416, 1),
(9, 13417, 1),
(13, 13417, 1),
(14, 13417, 1),
(9, 13418, 1),
(9, 13419, 2),
(9, 13420, 1),
(11, 13420, 1),
(9, 13421, 2),
(10, 13421, 4),
(9, 13422, 2),
(10, 13422, 2),
(9, 13423, 2),
(10, 13423, 2),
(9, 13424, 2),
(10, 13424, 2),
(9, 13425, 2),
(10, 13425, 2),
(10, 13494, 1),
(10, 13495, 1),
(10, 13496, 1),
(19, 13496, 1),
(10, 13497, 2),
(11, 13578, 6),
(12, 13701, 7),
(12, 13702, 6),
(12, 13703, 1),
(12, 13704, 1),
(12, 13705, 1),
(12, 13706, 1),
(12, 13707, 1),
(12, 13708, 1),
(12, 13709, 1),
(12, 13710, 1),
(12, 13711, 1),
(12, 13712, 1),
(12, 13713, 1),
(14, 13713, 2),
(21, 13713, 1),
(12, 13714, 1),
(14, 13714, 1),
(21, 13714, 1),
(12, 13715, 3),
(14, 13715, 4),
(20, 13715, 7),
(22, 13715, 1),
(26, 13715, 1),
(12, 13716, 3),
(14, 13716, 2),
(12, 13717, 6),
(14, 13717, 2),
(12, 13718, 4),
(12, 13719, 1),
(20, 13719, 2),
(22, 13719, 2),
(26, 13719, 2),
(13, 13820, 6),
(13, 13821, 6),
(14, 13821, 6),
(13, 13822, 1),
(14, 13822, 1),
(13, 13823, 1),
(14, 13823, 1),
(18, 13823, 1),
(13, 13824, 1),
(14, 13824, 1),
(13, 13825, 1),
(14, 13825, 1),
(13, 13826, 1),
(14, 13826, 1),
(13, 13827, 1),
(14, 13827, 1),
(14, 13903, 6),
(14, 13904, 1),
(14, 13905, 1),
(14, 13906, 1),
(14, 13907, 1),
(14, 13908, 1),
(16, 14030, 8),
(16, 14031, 1),
(16, 14032, 1),
(16, 14033, 1),
(16, 14034, 1),
(18, 14113, 6),
(18, 14114, 1),
(18, 14115, 1),
(18, 14116, 1),
(18, 14117, 1),
(18, 14118, 1),
(18, 14119, 1),
(18, 14120, 1),
(18, 14121, 1),
(19, 14198, 6),
(19, 14199, 6),
(19, 14200, 1),
(19, 14201, 1),
(22, 14201, 1),
(26, 14201, 1),
(19, 14202, 1),
(21, 14202, 2),
(19, 14203, 1),
(19, 14204, 1),
(19, 14205, 1),
(19, 14206, 1),
(19, 14207, 2),
(20, 14207, 1),
(21, 14207, 2),
(19, 14208, 2),
(20, 14208, 1),
(21, 14208, 2),
(19, 14209, 1),
(19, 14210, 1),
(19, 14211, 1),
(19, 14212, 1),
(22, 14212, 1),
(26, 14212, 1),
(19, 14213, 1),
(22, 14213, 1),
(26, 14213, 1),
(19, 14214, 1),
(22, 14214, 1),
(24, 14214, 1),
(26, 14214, 1),
(19, 14215, 1),
(22, 14215, 1),
(26, 14215, 1),
(19, 14216, 3),
(20, 14216, 4),
(21, 14216, 4),
(19, 14217, 2),
(19, 14218, 2),
(20, 14321, 7),
(20, 14322, 7),
(20, 14323, 1),
(20, 14324, 1),
(21, 14324, 1),
(20, 14325, 1),
(20, 14326, 1),
(20, 14327, 1),
(20, 14328, 1),
(21, 14328, 1),
(20, 14329, 1),
(20, 14330, 1),
(20, 14331, 1),
(20, 14332, 2),
(20, 14333, 3),
(20, 14334, 4),
(21, 14447, 7),
(21, 14448, 1),
(24, 14448, 2),
(21, 14449, 1),
(21, 14450, 1),
(21, 14451, 1),
(21, 14452, 1),
(21, 14453, 1),
(21, 14454, 1),
(21, 14455, 1),
(21, 14456, 1),
(22, 14479, 10),
(24, 14479, 10),
(26, 14479, 10),
(24, 14480, 6),
(24, 14481, 6),
(24, 14482, 1),
(24, 14483, 1),
(24, 14484, 1),
(24, 14485, 1),
(24, 14486, 1),
(24, 14487, 1),
(24, 14488, 1),
(24, 14489, 1),
(24, 14490, 1),
(24, 14491, 1),
(24, 14492, 1),
(22, 14513, 7),
(26, 14513, 7),
(22, 14514, 6),
(26, 14514, 6),
(22, 14515, 6),
(22, 14516, 1),
(26, 14516, 1),
(22, 14517, 1),
(26, 14517, 1),
(22, 14518, 1),
(26, 14518, 1),
(60, 14581, 8),
(60, 14582, 2),
(60, 14583, 2),
(60, 14584, 1),
(61, 14585, 3);

-- --------------------------------------------------------

--
-- Structure de la table `ps_search_word`
--

CREATE TABLE IF NOT EXISTS `ps_search_word` (
  `id_word` int(10) unsigned NOT NULL AUTO_INCREMENT,
  `id_shop` int(11) unsigned NOT NULL DEFAULT '1',
  `id_lang` int(10) unsigned NOT NULL,
  `word` varchar(15) NOT NULL,
  PRIMARY KEY (`id_word`),
  UNIQUE KEY `id_lang` (`id_lang`,`id_shop`,`word`)
) ENGINE=InnoDB  DEFAULT CHARSET=utf8 AUTO_INCREMENT=14765 ;

--
-- Contenu de la table `ps_search_word`
--

INSERT INTO `ps_search_word` (`id_word`, `id_shop`, `id_lang`, `word`) VALUES
(3097, 1, 1, '100'),
(6715, 1, 1, '1012'),
(2888, 1, 1, '110'),
(3123, 1, 1, '120'),
(12301, 1, 1, '12cm'),
(2928, 1, 1, '140'),
(3017, 1, 1, '150'),
(1399, 1, 1, '1520'),
(1415, 1, 1, '2025'),
(12270, 1, 1, '300'),
(1432, 1, 1, '3035'),
(1450, 1, 1, '4045'),
(1469, 1, 1, '5560'),
(10150, 1, 1, '8x20x30'),
(1797, 1, 1, 'abondamment'),
(19, 1, 1, 'abricots'),
(6483, 1, 1, 'abus'),
(14697, 1, 1, 'accessoires'),
(5199, 1, 1, 'accompagne'),
(6556, 1, 1, 'accompagner'),
(6479, 1, 1, 'accompagnera'),
(14585, 1, 1, 'accueil'),
(996, 1, 1, 'acidulees'),
(2189, 1, 1, 'agremente'),
(994, 1, 1, 'agrumes'),
(4740, 1, 1, 'aimer'),
(6484, 1, 1, 'alcool'),
(6563, 1, 1, 'alternative'),
(4807, 1, 1, 'amande'),
(14, 1, 1, 'amis'),
(272, 1, 1, 'ananas'),
(5417, 1, 1, 'anis'),
(4613, 1, 1, 'anniversaire'),
(2635, 1, 1, 'apprecier'),
(3462, 1, 1, 'arbre'),
(6050, 1, 1, 'arbres'),
(2829, 1, 1, 'arbuste'),
(1792, 1, 1, 'arche'),
(2824, 1, 1, 'art'),
(12401, 1, 1, 'assez'),
(2081, 1, 1, 'assortiment'),
(6482, 1, 1, 'attention'),
(827, 1, 1, 'audacieux'),
(2079, 1, 1, 'automne'),
(1286, 1, 1, 'autres'),
(6046, 1, 1, 'aux'),
(12400, 1, 1, 'avez'),
(2187, 1, 1, 'bal'),
(585, 1, 1, 'ballade'),
(6392, 1, 1, 'ballotin'),
(12409, 1, 1, 'ballotins'),
(4746, 1, 1, 'bambou'),
(2188, 1, 1, 'bananes'),
(4240, 1, 1, 'bapteme'),
(4615, 1, 1, 'baptemes'),
(6040, 1, 1, 'bar'),
(998, 1, 1, 'batonnet'),
(3465, 1, 1, 'beaucoup'),
(2637, 1, 1, 'beaute'),
(1795, 1, 1, 'belle'),
(4924, 1, 1, 'berlingots'),
(4146, 1, 1, 'bien'),
(12413, 1, 1, 'blanc'),
(12300, 1, 1, 'blanches'),
(4462, 1, 1, 'bleu'),
(586, 1, 1, 'bois'),
(5773, 1, 1, 'boite'),
(6048, 1, 1, 'bonbonnieres'),
(12410, 1, 1, 'bonbons'),
(1001, 1, 1, 'bouche'),
(6211, 1, 1, 'bouillet'),
(2472, 1, 1, 'boules'),
(12407, 1, 1, 'bouquet'),
(12402, 1, 1, 'bouquets'),
(997, 1, 1, 'bout'),
(1590, 1, 1, 'bouteille'),
(2630, 1, 1, 'box'),
(6471, 1, 1, 'branche'),
(4684, 1, 1, 'brin'),
(1280, 1, 1, 'brochettes'),
(6474, 1, 1, 'brut'),
(2818, 1, 1, 'buis'),
(4688, 1, 1, 'cadeau'),
(6564, 1, 1, 'cadeaux'),
(4737, 1, 1, 'candy'),
(826, 1, 1, 'caracterise'),
(10428, 1, 1, 'caramel'),
(3012, 1, 1, 'carottes'),
(4238, 1, 1, 'celebrer'),
(2827, 1, 1, 'cerises'),
(2828, 1, 1, 'cet'),
(2371, 1, 1, 'cette'),
(6390, 1, 1, 'chacun'),
(590, 1, 1, 'chaleureuses'),
(9880, 1, 1, 'chamallow'),
(5910, 1, 1, 'champagne'),
(2830, 1, 1, 'chic'),
(5171, 1, 1, 'choc'),
(1374, 1, 1, 'chocolat'),
(11220, 1, 1, 'chocolatier'),
(2468, 1, 1, 'chocolats'),
(3208, 1, 1, 'choisir'),
(6481, 1, 1, 'choix'),
(3014, 1, 1, 'choux'),
(1285, 1, 1, 'clementines'),
(11504, 1, 1, 'cm12'),
(11524, 1, 1, 'cm120'),
(12420, 1, 1, 'cm18'),
(11523, 1, 1, 'cm90'),
(5912, 1, 1, 'cmcomposition'),
(11443, 1, 1, 'cmgrand'),
(11474, 1, 1, 'cmmodele'),
(11442, 1, 1, 'cmmoyen'),
(1807, 1, 1, 'coco'),
(1373, 1, 1, 'coeur'),
(4922, 1, 1, 'colore'),
(4, 1, 1, 'coloree'),
(1509, 1, 1, 'comble'),
(4614, 1, 1, 'communions'),
(12408, 1, 1, 'compose'),
(1284, 1, 1, 'composees'),
(5774, 1, 1, 'composer'),
(1002, 1, 1, 'composes'),
(6393, 1, 1, 'composez'),
(2372, 1, 1, 'composition'),
(2369, 1, 1, 'concentre'),
(6041, 1, 1, 'concept'),
(11219, 1, 1, 'confectionnes'),
(6045, 1, 1, 'consacre'),
(4694, 1, 1, 'continue'),
(1791, 1, 1, 'corbeille'),
(1798, 1, 1, 'couleur'),
(12398, 1, 1, 'couleurs'),
(2190, 1, 1, 'craquante'),
(825, 1, 1, 'creativite'),
(12404, 1, 1, 'creez'),
(3016, 1, 1, 'croquer'),
(2633, 1, 1, 'cube'),
(2823, 1, 1, 'cultivez'),
(6485, 1, 1, 'dangereux'),
(2083, 1, 1, 'dattes'),
(6559, 1, 1, 'deconseillees'),
(4745, 1, 1, 'decore'),
(1175, 1, 1, 'deguste'),
(5487, 1, 1, 'delicate'),
(5093, 1, 1, 'delice'),
(3015, 1, 1, 'delices'),
(5775, 1, 1, 'delicieux'),
(11410, 1, 1, 'desire'),
(6397, 1, 1, 'desires'),
(12419, 1, 1, 'diametre'),
(12417, 1, 1, 'dimensions'),
(12548, 1, 1, 'donne'),
(1801, 1, 1, 'douceur'),
(4744, 1, 1, 'douceurs'),
(6554, 1, 1, 'doudou'),
(5200, 1, 1, 'dragee'),
(6382, 1, 1, 'dragees'),
(6145, 1, 1, 'dressee'),
(16, 1, 1, 'duo'),
(1174, 1, 1, 'eclosion'),
(2821, 1, 1, 'elegance'),
(10641, 1, 1, 'emballe'),
(6186, 1, 1, 'emballee'),
(12412, 1, 1, 'emballes'),
(4691, 1, 1, 'emportera'),
(4690, 1, 1, 'enfant'),
(4738, 1, 1, 'enfants'),
(6599, 1, 1, 'enlace'),
(1380, 1, 1, 'enrobees'),
(5172, 1, 1, 'enrobes'),
(6043, 1, 1, 'entracte'),
(13, 1, 1, 'entre'),
(3009, 1, 1, 'envie'),
(311, 1, 1, 'environ'),
(6044, 1, 1, 'espace'),
(6185, 1, 1, 'etait'),
(6558, 1, 1, 'etant'),
(3205, 1, 1, 'etes'),
(4237, 1, 1, 'evenement'),
(12422, 1, 1, 'evenements'),
(12399, 1, 1, 'event'),
(12414, 1, 1, 'evoquer'),
(2544, 1, 1, 'exotiques'),
(2832, 1, 1, 'fantaisie'),
(4611, 1, 1, 'farandole'),
(4693, 1, 1, 'fete'),
(6557, 1, 1, 'feter'),
(6385, 1, 1, 'feuillage'),
(6478, 1, 1, 'feuillatte'),
(2084, 1, 1, 'figues'),
(6187, 1, 1, 'film'),
(5294, 1, 1, 'fins'),
(6472, 1, 1, 'flashy'),
(267, 1, 1, 'flatteront'),
(1172, 1, 1, 'fleur'),
(6398, 1, 1, 'fleurs'),
(824, 1, 1, 'folle'),
(1000, 1, 1, 'fond'),
(4009, 1, 1, 'forme'),
(1800, 1, 1, 'fraicheur'),
(270, 1, 1, 'frais'),
(18, 1, 1, 'fraises'),
(594, 1, 1, 'framboises'),
(999, 1, 1, 'fruit'),
(6, 1, 1, 'fruits'),
(5906, 1, 1, 'garni'),
(6049, 1, 1, 'garnies'),
(4144, 1, 1, 'gateau'),
(4610, 1, 1, 'gourmand'),
(266, 1, 1, 'gourmandes'),
(1378, 1, 1, 'gourmandise'),
(5907, 1, 1, 'gourmandises'),
(4612, 1, 1, 'gouters'),
(1940, 1, 1, 'grand'),
(2374, 1, 1, 'grappes'),
(596, 1, 1, 'grenade'),
(595, 1, 1, 'groseilles'),
(3463, 1, 1, 'guimauve'),
(12411, 1, 1, 'haribo'),
(3, 1, 1, 'harmonie'),
(7027, 1, 1, 'hauteur'),
(10, 1, 1, 'ideal'),
(6212, 1, 1, 'idee'),
(7166, 1, 1, 'image'),
(4741, 1, 1, 'imagine'),
(2080, 1, 1, 'invitation'),
(6389, 1, 1, 'invites'),
(2820, 1, 1, 'invitez'),
(3008, 1, 1, 'irresistible'),
(3007, 1, 1, 'jardin'),
(3209, 1, 1, 'jaunes'),
(4742, 1, 1, 'joli'),
(6144, 1, 1, 'joliment'),
(6047, 1, 1, 'jolimentdressee'),
(1003, 1, 1, 'juteuses'),
(1803, 1, 1, 'kakis'),
(274, 1, 1, 'kiwi'),
(278, 1, 1, 'kumquats'),
(5608, 1, 1, 'lait'),
(14584, 1, 1, 'largeur'),
(2835, 1, 1, 'legumes'),
(10092, 1, 1, 'longueur'),
(4692, 1, 1, 'lui'),
(828, 1, 1, 'lumineux'),
(4804, 1, 1, 'macarons'),
(1804, 1, 1, 'mandarines'),
(273, 1, 1, 'mangue'),
(2831, 1, 1, 'manque'),
(5293, 1, 1, 'marguerite'),
(12416, 1, 1, 'mariage'),
(6182, 1, 1, 'mariee'),
(6561, 1, 1, 'maternites'),
(1994, 1, 1, 'maxi'),
(2471, 1, 1, 'maxim'),
(3011, 1, 1, 'melange'),
(17, 1, 1, 'melon'),
(3204, 1, 1, 'mimosas'),
(2469, 1, 1, 'mini'),
(2078, 1, 1, 'mistral'),
(1622, 1, 1, 'mode'),
(20, 1, 1, 'modele'),
(6183, 1, 1, 'monde'),
(1888, 1, 1, 'moyen'),
(4686, 1, 1, 'muguet'),
(4241, 1, 1, 'naissance'),
(6386, 1, 1, 'naturel'),
(1379, 1, 1, 'natures'),
(6477, 1, 1, 'nicolas'),
(14582, 1, 1, 'noel'),
(1375, 1, 1, 'noir'),
(1806, 1, 1, 'noix'),
(6473, 1, 1, 'nomade'),
(6395, 1, 1, 'nombre'),
(6560, 1, 1, 'nombreuses'),
(592, 1, 1, 'nos'),
(4923, 1, 1, 'nougat'),
(6475, 1, 1, 'nouveau'),
(3207, 1, 1, 'obliges'),
(1177, 1, 1, 'occasions'),
(7, 1, 1, 'odeur'),
(591, 1, 1, 'odorantes'),
(2470, 1, 1, 'oeuf'),
(12406, 1, 1, 'offrant'),
(6562, 1, 1, 'offre'),
(275, 1, 1, 'orange'),
(829, 1, 1, 'oranges'),
(4689, 1, 1, 'original'),
(6602, 1, 1, 'originale'),
(4243, 1, 1, 'oursons'),
(5928, 1, 1, 'panier'),
(6480, 1, 1, 'parfaitement'),
(6184, 1, 1, 'parle'),
(6188, 1, 1, 'parsemee'),
(6119, 1, 1, 'partir'),
(276, 1, 1, 'passion'),
(15, 1, 1, 'pasteque'),
(4806, 1, 1, 'pate'),
(4805, 1, 1, 'pates'),
(9093, 1, 1, 'peces'),
(310, 1, 1, 'pers'),
(6052, 1, 1, 'personne'),
(1171, 1, 1, 'petales'),
(1863, 1, 1, 'petit'),
(830, 1, 1, 'photo'),
(12418, 1, 1, 'pieces'),
(11411, 1, 1, 'pieces56'),
(11413, 1, 1, 'pieces6'),
(11412, 1, 1, 'pieces78'),
(11414, 1, 1, 'pieces8'),
(4008, 1, 1, 'pink'),
(1283, 1, 1, 'piquees'),
(14583, 1, 1, 'plein'),
(1173, 1, 1, 'pleine'),
(3206, 1, 1, 'plus'),
(2373, 1, 1, 'poires'),
(1004, 1, 1, 'pomelos'),
(2376, 1, 1, 'pommes'),
(5486, 1, 1, 'pot'),
(21, 1, 1, 'presente'),
(6387, 1, 1, 'presenter'),
(4242, 1, 1, 'prete'),
(6051, 1, 1, 'prix'),
(6603, 1, 1, 'proposes'),
(2085, 1, 1, 'pruneaux'),
(1805, 1, 1, 'prunes'),
(993, 1, 1, 'pulpe'),
(1802, 1, 1, 'pyramide'),
(6476, 1, 1, 'quart'),
(3013, 1, 1, 'radis'),
(1510, 1, 1, 'raffinement'),
(11, 1, 1, 'rafraichir'),
(2375, 1, 1, 'raisin'),
(277, 1, 1, 'raisins'),
(6383, 1, 1, 'ravissant'),
(1282, 1, 1, 'rayon'),
(2825, 1, 1, 'recevoir'),
(1796, 1, 1, 'recueillant'),
(4743, 1, 1, 'rempli'),
(6391, 1, 1, 'reparte'),
(587, 1, 1, 'revet'),
(8, 1, 1, 'riche'),
(589, 1, 1, 'riches'),
(12397, 1, 1, 'ronde'),
(4145, 1, 1, 'rose'),
(12299, 1, 1, 'roses'),
(12298, 1, 1, 'rosier'),
(4007, 1, 1, 'rouge'),
(1005, 1, 1, 'rouges'),
(6400, 1, 1, 'rubrique'),
(1287, 1, 1, 'saison'),
(1793, 1, 1, 'saisons'),
(6486, 1, 1, 'sante'),
(14581, 1, 1, 'sapin'),
(4803, 1, 1, 'saveurs'),
(2082, 1, 1, 'secs'),
(6394, 1, 1, 'selectionnant'),
(3211, 1, 1, 'selon'),
(269, 1, 1, 'sens'),
(1376, 1, 1, 'sensuel'),
(4687, 1, 1, 'sera'),
(6555, 1, 1, 'seul'),
(4739, 1, 1, 'seuls'),
(4616, 1, 1, 'simple'),
(6604, 1, 1, 'site'),
(2, 1, 1, 'soir'),
(12, 1, 1, 'soirees'),
(2377, 1, 1, 'soit'),
(1281, 1, 1, 'soleil'),
(5772, 1, 1, 'sortent'),
(593, 1, 1, 'souvenirs'),
(3010, 1, 1, 'subtil'),
(5909, 1, 1, 'sucette'),
(995, 1, 1, 'sucettes'),
(1178, 1, 1, 'sucre'),
(9, 1, 1, 'sucree'),
(1006, 1, 1, 'sucres'),
(6399, 1, 1, 'supplement'),
(4147, 1, 1, 'sur'),
(12405, 1, 1, 'surprise'),
(2822, 1, 1, 'table'),
(4006, 1, 1, 'tagada'),
(13140, 1, 1, 'taille'),
(588, 1, 1, 'teintes'),
(4685, 1, 1, 'tel'),
(6042, 1, 1, 'tendance'),
(6553, 1, 1, 'tendre'),
(1799, 1, 1, 'texture'),
(12415, 1, 1, 'theme'),
(2819, 1, 1, 'tomate'),
(2826, 1, 1, 'tomates'),
(1377, 1, 1, 'touche'),
(3006, 1, 1, 'tour'),
(2636, 1, 1, 'toute'),
(1176, 1, 1, 'toutes'),
(2632, 1, 1, 'traditionnelle'),
(12403, 1, 1, 'traditionnels'),
(2634, 1, 1, 'transparent'),
(1794, 1, 1, 'tres'),
(5341, 1, 1, 'turquoise'),
(823, 1, 1, 'une'),
(13141, 1, 1, 'unique'),
(6600, 1, 1, 'varies'),
(5905, 1, 1, 'vase'),
(3464, 1, 1, 'vert'),
(5439, 1, 1, 'violet'),
(2631, 1, 1, 'vision'),
(6601, 1, 1, 'vitamine'),
(2370, 1, 1, 'vitamines'),
(6181, 1, 1, 'vive'),
(6388, 1, 1, 'vos'),
(5488, 1, 1, 'zinc'),
(14333, 1, 2, '100'),
(14217, 1, 2, '110'),
(13719, 1, 2, '120'),
(14218, 1, 2, '140'),
(14334, 1, 2, '150'),
(13421, 1, 2, '1520'),
(13422, 1, 2, '2025'),
(13423, 1, 2, '3035'),
(13424, 1, 2, '4045'),
(13425, 1, 2, '5560'),
(13705, 1, 2, 'abondamment'),
(12590, 1, 2, 'abricots'),
(14764, 1, 2, 'accueil'),
(13052, 1, 2, 'acidulees'),
(13905, 1, 2, 'agremente'),
(13048, 1, 2, 'agrumes'),
(14485, 1, 2, 'alors'),
(12607, 1, 2, 'amis'),
(12724, 1, 2, 'ananas'),
(14119, 1, 2, 'apprecier'),
(14513, 1, 2, 'arbre'),
(14210, 1, 2, 'arbuste'),
(13701, 1, 2, 'arche'),
(14205, 1, 2, 'art'),
(14483, 1, 2, 'assez'),
(13823, 1, 2, 'assortiment'),
(12954, 1, 2, 'audacieux'),
(13821, 1, 2, 'automne'),
(14114, 1, 2, 'autre'),
(13334, 1, 2, 'autres'),
(13415, 1, 2, 'avec'),
(14482, 1, 2, 'avez'),
(13903, 1, 2, 'bal'),
(12835, 1, 2, 'ballade'),
(14489, 1, 2, 'ballotins'),
(13168, 1, 2, 'bananes'),
(13055, 1, 2, 'batonnet'),
(14516, 1, 2, 'beaucoup'),
(14121, 1, 2, 'beaute'),
(13703, 1, 2, 'belle'),
(12837, 1, 2, 'bois'),
(14479, 1, 2, 'bonbons'),
(13060, 1, 2, 'bouche'),
(14034, 1, 2, 'boules'),
(12583, 1, 2, 'bouquet'),
(12620, 1, 2, 'bouquets'),
(13053, 1, 2, 'bout'),
(13497, 1, 2, 'bouteille'),
(14113, 1, 2, 'box'),
(13329, 1, 2, 'brochettes'),
(14198, 1, 2, 'buis'),
(12953, 1, 2, 'caracterise'),
(14327, 1, 2, 'carottes'),
(14208, 1, 2, 'cerises'),
(12593, 1, 2, 'ces'),
(14209, 1, 2, 'cet'),
(13165, 1, 2, 'cette'),
(12841, 1, 2, 'chaleureuses'),
(13056, 1, 2, 'chaque'),
(14211, 1, 2, 'chic'),
(13411, 1, 2, 'chocolat'),
(14030, 1, 2, 'chocolats'),
(14452, 1, 2, 'choisir'),
(14329, 1, 2, 'choux'),
(13066, 1, 2, 'clementines'),
(14491, 1, 2, 'cm12'),
(14518, 1, 2, 'cm120'),
(14492, 1, 2, 'cm18'),
(14517, 1, 2, 'cm90'),
(13908, 1, 2, 'cmgrand'),
(14332, 1, 2, 'cmmodele'),
(13907, 1, 2, 'cmmoyen'),
(13714, 1, 2, 'coco'),
(13410, 1, 2, 'coeur'),
(12592, 1, 2, 'coloree'),
(13494, 1, 2, 'comble'),
(13049, 1, 2, 'comme'),
(12723, 1, 2, 'compose'),
(13333, 1, 2, 'composees'),
(13061, 1, 2, 'composes'),
(14454, 1, 2, 'composez'),
(13166, 1, 2, 'composition'),
(13162, 1, 2, 'concentre'),
(13161, 1, 2, 'corbeille'),
(13706, 1, 2, 'couleur'),
(14481, 1, 2, 'couleurs'),
(13906, 1, 2, 'craquante'),
(12952, 1, 2, 'creativite'),
(14486, 1, 2, 'creez'),
(14331, 1, 2, 'croquer'),
(14117, 1, 2, 'cube'),
(14204, 1, 2, 'cultivez'),
(13059, 1, 2, 'dans'),
(13825, 1, 2, 'dattes'),
(13250, 1, 2, 'deguste'),
(14330, 1, 2, 'delices'),
(13050, 1, 2, 'des'),
(12610, 1, 2, 'diametre'),
(12608, 1, 2, 'dimensions'),
(13708, 1, 2, 'douceur'),
(12587, 1, 2, 'duo'),
(13249, 1, 2, 'eclosion'),
(14201, 1, 2, 'elegance'),
(13496, 1, 2, 'encore'),
(13420, 1, 2, 'enrobees'),
(12606, 1, 2, 'entre'),
(14324, 1, 2, 'envie'),
(12612, 1, 2, 'environ'),
(12585, 1, 2, 'ete'),
(14449, 1, 2, 'etes'),
(14215, 1, 2, 'fantaisie'),
(13826, 1, 2, 'figues'),
(12719, 1, 2, 'flatteront'),
(13247, 1, 2, 'fleur'),
(12594, 1, 2, 'fleurs'),
(12951, 1, 2, 'folle'),
(13058, 1, 2, 'fond'),
(12600, 1, 2, 'font'),
(13163, 1, 2, 'fraicheur'),
(12722, 1, 2, 'frais'),
(12589, 1, 2, 'fraises'),
(12845, 1, 2, 'framboises'),
(13057, 1, 2, 'fruit'),
(12595, 1, 2, 'fruits'),
(12718, 1, 2, 'gourmandes'),
(13417, 1, 2, 'gourmandise'),
(13717, 1, 2, 'grand'),
(13169, 1, 2, 'grappes'),
(12847, 1, 2, 'grenade'),
(12846, 1, 2, 'groseilles'),
(14514, 1, 2, 'guimauve'),
(14490, 1, 2, 'haribo'),
(12591, 1, 2, 'harmonie'),
(12611, 1, 2, 'hauteur'),
(12601, 1, 2, 'ideal'),
(12618, 1, 2, 'image'),
(13822, 1, 2, 'invitation'),
(14200, 1, 2, 'invitez'),
(14323, 1, 2, 'irresistible'),
(14322, 1, 2, 'jardin'),
(14453, 1, 2, 'jaunes'),
(13062, 1, 2, 'juteuses'),
(13710, 1, 2, 'kakis'),
(12726, 1, 2, 'kiwi'),
(12730, 1, 2, 'kumquats'),
(14216, 1, 2, 'legumes'),
(12604, 1, 2, 'les'),
(13054, 1, 2, 'leur'),
(12955, 1, 2, 'lumineux'),
(13711, 1, 2, 'mandarines'),
(12725, 1, 2, 'mangue'),
(14213, 1, 2, 'manque'),
(13718, 1, 2, 'maxi'),
(14033, 1, 2, 'maxim'),
(14326, 1, 2, 'melange'),
(12588, 1, 2, 'melon'),
(14447, 1, 2, 'mimosas'),
(14031, 1, 2, 'mini'),
(13820, 1, 2, 'mistral'),
(13578, 1, 2, 'mode'),
(12616, 1, 2, 'modele'),
(13716, 1, 2, 'moyen'),
(13418, 1, 2, 'natures'),
(13412, 1, 2, 'noir'),
(13713, 1, 2, 'noix'),
(12843, 1, 2, 'nos'),
(14451, 1, 2, 'obliges'),
(13252, 1, 2, 'occasions'),
(12597, 1, 2, 'odeur'),
(12842, 1, 2, 'odorantes'),
(14032, 1, 2, 'oeuf'),
(14488, 1, 2, 'offrant'),
(12727, 1, 2, 'orange'),
(12956, 1, 2, 'oranges'),
(13419, 1, 2, 'par'),
(14214, 1, 2, 'pas'),
(12728, 1, 2, 'passion'),
(12586, 1, 2, 'pasteque'),
(14456, 1, 2, 'peces'),
(12609, 1, 2, 'pers'),
(12619, 1, 2, 'personnes'),
(13246, 1, 2, 'petales'),
(13715, 1, 2, 'petit'),
(12958, 1, 2, 'photo'),
(12615, 1, 2, 'pieces'),
(12613, 1, 2, 'pieces56'),
(12848, 1, 2, 'pieces6'),
(12614, 1, 2, 'pieces78'),
(12849, 1, 2, 'pieces8'),
(13332, 1, 2, 'piquees'),
(13248, 1, 2, 'pleine'),
(14450, 1, 2, 'plus'),
(13167, 1, 2, 'poires'),
(13063, 1, 2, 'pomelos'),
(13171, 1, 2, 'pommes'),
(12602, 1, 2, 'pour'),
(12617, 1, 2, 'presente'),
(13827, 1, 2, 'pruneaux'),
(13712, 1, 2, 'prunes'),
(13047, 1, 2, 'pulpe'),
(13709, 1, 2, 'pyramide'),
(14212, 1, 2, 'qui'),
(14328, 1, 2, 'radis'),
(13495, 1, 2, 'raffinement'),
(12603, 1, 2, 'rafraichir'),
(13170, 1, 2, 'raisin'),
(12729, 1, 2, 'raisins'),
(13331, 1, 2, 'rayon'),
(14206, 1, 2, 'recevoir'),
(13704, 1, 2, 'recueillant'),
(12838, 1, 2, 'revet'),
(12598, 1, 2, 'riche'),
(12840, 1, 2, 'riches'),
(14480, 1, 2, 'ronde'),
(13064, 1, 2, 'rouges'),
(13335, 1, 2, 'saison'),
(13702, 1, 2, 'saisons'),
(13824, 1, 2, 'secs'),
(14455, 1, 2, 'selon'),
(12721, 1, 2, 'sens'),
(13414, 1, 2, 'sensuel'),
(12584, 1, 2, 'soir'),
(12605, 1, 2, 'soirees'),
(13172, 1, 2, 'soit'),
(13330, 1, 2, 'soleil'),
(12596, 1, 2, 'son'),
(12836, 1, 2, 'sous'),
(12844, 1, 2, 'souvenirs'),
(14325, 1, 2, 'subtil'),
(13051, 1, 2, 'sucettes'),
(13253, 1, 2, 'sucre'),
(12599, 1, 2, 'sucree'),
(13065, 1, 2, 'sucres'),
(12957, 1, 2, 'sur'),
(14487, 1, 2, 'surprise'),
(14203, 1, 2, 'table'),
(13173, 1, 2, 'taille'),
(12839, 1, 2, 'teintes'),
(13707, 1, 2, 'texture'),
(14199, 1, 2, 'tomate'),
(14207, 1, 2, 'tomates'),
(13416, 1, 2, 'touche'),
(14321, 1, 2, 'tour'),
(13904, 1, 2, 'tout'),
(14120, 1, 2, 'toute'),
(13251, 1, 2, 'toutes'),
(14116, 1, 2, 'traditionnelle'),
(14484, 1, 2, 'traditionnels'),
(14118, 1, 2, 'transparent'),
(13413, 1, 2, 'tres'),
(12950, 1, 2, 'une'),
(13174, 1, 2, 'unique'),
(14515, 1, 2, 'vert'),
(14115, 1, 2, 'vision'),
(13164, 1, 2, 'vitamines'),
(12720, 1, 2, 'vos'),
(14202, 1, 2, 'votre'),
(14448, 1, 2, 'vous');

-- --------------------------------------------------------

--
-- Structure de la table `ps_sekeyword`
--

CREATE TABLE IF NOT EXISTS `ps_sekeyword` (
  `id_sekeyword` int(10) unsigned NOT NULL AUTO_INCREMENT,
  `id_shop` int(10) unsigned NOT NULL DEFAULT '1',
  `id_shop_group` int(10) unsigned NOT NULL DEFAULT '1',
  `keyword` varchar(256) NOT NULL,
  `date_add` datetime NOT NULL,
  PRIMARY KEY (`id_sekeyword`)
) ENGINE=InnoDB  DEFAULT CHARSET=utf8 AUTO_INCREMENT=5 ;

--
-- Contenu de la table `ps_sekeyword`
--

INSERT INTO `ps_sekeyword` (`id_sekeyword`, `id_shop`, `id_shop_group`, `keyword`, `date_add`) VALUES
(1, 1, 1, 'achat  bouquet de legumes', '2015-09-11 16:39:02'),
(2, 1, 1, 'bouquet-fruit.fr', '2015-10-10 05:00:01'),
(3, 1, 1, 'bouquets  avec des fruits frais', '2015-11-26 16:45:40'),
(4, 1, 1, 'bouquet a croquer', '2016-01-06 19:54:00');

-- --------------------------------------------------------

--
-- Structure de la table `ps_shop`
--

CREATE TABLE IF NOT EXISTS `ps_shop` (
  `id_shop` int(11) unsigned NOT NULL AUTO_INCREMENT,
  `id_shop_group` int(11) unsigned NOT NULL,
  `name` varchar(64) NOT NULL,
  `id_category` int(11) unsigned NOT NULL DEFAULT '1',
  `id_theme` int(1) unsigned NOT NULL,
  `active` tinyint(1) NOT NULL DEFAULT '1',
  `deleted` tinyint(1) NOT NULL DEFAULT '0',
  PRIMARY KEY (`id_shop`),
  KEY `id_shop_group` (`id_shop_group`,`deleted`),
  KEY `id_category` (`id_category`),
  KEY `id_theme` (`id_theme`)
) ENGINE=InnoDB  DEFAULT CHARSET=utf8 AUTO_INCREMENT=2 ;

--
-- Contenu de la table `ps_shop`
--

INSERT INTO `ps_shop` (`id_shop`, `id_shop_group`, `name`, `id_category`, `id_theme`, `active`, `deleted`) VALUES
(1, 1, 'Bouquet à Croquer', 2, 2, 1, 0);

-- --------------------------------------------------------

--
-- Structure de la table `ps_shop_group`
--

CREATE TABLE IF NOT EXISTS `ps_shop_group` (
  `id_shop_group` int(11) unsigned NOT NULL AUTO_INCREMENT,
  `name` varchar(64) NOT NULL,
  `share_customer` tinyint(1) NOT NULL,
  `share_order` tinyint(1) NOT NULL,
  `share_stock` tinyint(1) NOT NULL,
  `active` tinyint(1) NOT NULL DEFAULT '1',
  `deleted` tinyint(1) NOT NULL DEFAULT '0',
  PRIMARY KEY (`id_shop_group`),
  KEY `deleted` (`deleted`,`name`)
) ENGINE=InnoDB  DEFAULT CHARSET=utf8 AUTO_INCREMENT=2 ;

--
-- Contenu de la table `ps_shop_group`
--

INSERT INTO `ps_shop_group` (`id_shop_group`, `name`, `share_customer`, `share_order`, `share_stock`, `active`, `deleted`) VALUES
(1, 'Default', 0, 0, 0, 1, 0);

-- --------------------------------------------------------

--
-- Structure de la table `ps_shop_url`
--

CREATE TABLE IF NOT EXISTS `ps_shop_url` (
  `id_shop_url` int(11) unsigned NOT NULL AUTO_INCREMENT,
  `id_shop` int(11) unsigned NOT NULL,
  `domain` varchar(150) NOT NULL,
  `domain_ssl` varchar(150) NOT NULL,
  `physical_uri` varchar(64) NOT NULL,
  `virtual_uri` varchar(64) NOT NULL,
  `main` tinyint(1) NOT NULL,
  `active` tinyint(1) NOT NULL,
  PRIMARY KEY (`id_shop_url`),
  UNIQUE KEY `full_shop_url` (`domain`,`physical_uri`,`virtual_uri`),
  UNIQUE KEY `full_shop_url_ssl` (`domain_ssl`,`physical_uri`,`virtual_uri`),
  KEY `id_shop` (`id_shop`,`main`)
) ENGINE=InnoDB  DEFAULT CHARSET=utf8 AUTO_INCREMENT=2 ;

--
-- Contenu de la table `ps_shop_url`
--

INSERT INTO `ps_shop_url` (`id_shop_url`, `id_shop`, `domain`, `domain_ssl`, `physical_uri`, `virtual_uri`, `main`, `active`) VALUES
(1, 1, 'www.bouquet-fruit.fr', 'www.bouquet-fruit.fr', '/', '', 1, 1);

-- --------------------------------------------------------

--
-- Structure de la table `ps_simpleblog_category`
--

CREATE TABLE IF NOT EXISTS `ps_simpleblog_category` (
  `id_simpleblog_category` int(11) unsigned NOT NULL AUTO_INCREMENT,
  `cover` varchar(5) NOT NULL,
  `position` int(10) unsigned NOT NULL DEFAULT '0',
  `id_parent` int(10) unsigned NOT NULL DEFAULT '0',
  `active` tinyint(1) unsigned NOT NULL DEFAULT '0',
  `date_add` datetime NOT NULL,
  `date_upd` datetime NOT NULL,
  PRIMARY KEY (`id_simpleblog_category`)
) ENGINE=InnoDB  DEFAULT CHARSET=utf8 AUTO_INCREMENT=2 ;

--
-- Contenu de la table `ps_simpleblog_category`
--

INSERT INTO `ps_simpleblog_category` (`id_simpleblog_category`, `cover`, `position`, `id_parent`, `active`, `date_add`, `date_upd`) VALUES
(1, '', 1, 0, 1, '2015-07-23 11:32:25', '2016-01-06 12:30:48');

-- --------------------------------------------------------

--
-- Structure de la table `ps_simpleblog_category_lang`
--

CREATE TABLE IF NOT EXISTS `ps_simpleblog_category_lang` (
  `id_simpleblog_category` int(10) unsigned NOT NULL,
  `id_lang` int(10) unsigned NOT NULL,
  `name` varchar(128) NOT NULL,
  `description` text,
  `link_rewrite` varchar(128) NOT NULL,
  `meta_title` varchar(128) NOT NULL,
  `meta_keywords` varchar(255) NOT NULL,
  `meta_description` varchar(255) NOT NULL,
  PRIMARY KEY (`id_simpleblog_category`,`id_lang`)
) ENGINE=InnoDB DEFAULT CHARSET=utf8;

--
-- Contenu de la table `ps_simpleblog_category_lang`
--

INSERT INTO `ps_simpleblog_category_lang` (`id_simpleblog_category`, `id_lang`, `name`, `description`, `link_rewrite`, `meta_title`, `meta_keywords`, `meta_description`) VALUES
(1, 1, 'Actualités', '', 'actualites', 'Toutes les actualités de Bouquet à Croquer', 'bouquet bonbons, bouquet fruits, bouquet légumes', 'Retrouvez les actes et les astuces de Bouquet à Croquer, des bouquets de bonbons, de fruits ou de légumes !'),
(1, 2, 'News', '', 'news', '', '', '');

-- --------------------------------------------------------

--
-- Structure de la table `ps_simpleblog_category_shop`
--

CREATE TABLE IF NOT EXISTS `ps_simpleblog_category_shop` (
  `id_simpleblog_category` int(11) unsigned NOT NULL,
  `id_shop` int(11) unsigned NOT NULL,
  PRIMARY KEY (`id_simpleblog_category`,`id_shop`)
) ENGINE=InnoDB DEFAULT CHARSET=utf8;

--
-- Contenu de la table `ps_simpleblog_category_shop`
--

INSERT INTO `ps_simpleblog_category_shop` (`id_simpleblog_category`, `id_shop`) VALUES
(1, 1);

-- --------------------------------------------------------

--
-- Structure de la table `ps_simpleblog_post`
--

CREATE TABLE IF NOT EXISTS `ps_simpleblog_post` (
  `id_simpleblog_post` int(11) unsigned NOT NULL AUTO_INCREMENT,
  `id_simpleblog_category` int(11) unsigned NOT NULL,
  `active` tinyint(1) unsigned NOT NULL DEFAULT '0',
  `author` varchar(60) NOT NULL,
  `likes` int(11) unsigned NOT NULL DEFAULT '0',
  `views` int(11) unsigned NOT NULL DEFAULT '0',
  `is_featured` tinyint(1) unsigned NOT NULL DEFAULT '0',
  `logged` tinyint(1) unsigned NOT NULL DEFAULT '0',
  `cover` text NOT NULL,
  `featured` text NOT NULL,
  `date_add` datetime NOT NULL,
  `date_upd` datetime NOT NULL,
  PRIMARY KEY (`id_simpleblog_post`)
) ENGINE=InnoDB  DEFAULT CHARSET=utf8 AUTO_INCREMENT=5 ;

--
-- Contenu de la table `ps_simpleblog_post`
--

INSERT INTO `ps_simpleblog_post` (`id_simpleblog_post`, `id_simpleblog_category`, `active`, `author`, `likes`, `views`, `is_featured`, `logged`, `cover`, `featured`, `date_add`, `date_upd`) VALUES
(1, 1, 1, '', 0, 86, 0, 0, 'jpg', '', '2015-07-24 16:52:44', '2016-01-06 12:42:20'),
(2, 1, 1, '', 0, 73, 0, 0, 'jpg', '', '2015-07-24 16:54:59', '2016-01-06 12:40:52'),
(3, 1, 1, '', 0, 92, 0, 0, 'jpg', '', '2015-07-24 16:55:49', '2016-01-06 12:45:16'),
(4, 1, 0, '', 0, 0, 0, 0, '', '', '2016-01-06 12:47:39', '2016-01-06 12:47:51');

-- --------------------------------------------------------

--
-- Structure de la table `ps_simpleblog_post_lang`
--

CREATE TABLE IF NOT EXISTS `ps_simpleblog_post_lang` (
  `id_simpleblog_post` int(10) unsigned NOT NULL,
  `id_lang` int(10) unsigned NOT NULL,
  `meta_title` varchar(255) NOT NULL,
  `meta_description` varchar(255) NOT NULL,
  `meta_keywords` varchar(255) NOT NULL,
  `short_content` longtext,
  `content` longtext,
  `link_rewrite` varchar(128) NOT NULL,
  PRIMARY KEY (`id_simpleblog_post`,`id_lang`)
) ENGINE=InnoDB DEFAULT CHARSET=utf8;

--
-- Contenu de la table `ps_simpleblog_post_lang`
--

INSERT INTO `ps_simpleblog_post_lang` (`id_simpleblog_post`, `id_lang`, `meta_title`, `meta_description`, `meta_keywords`, `short_content`, `content`, `link_rewrite`) VALUES
(1, 1, 'Des apéros tout en légèreté', 'Les apéritifs légers et délicieux', 'bouquet de légumes, apéro, apéritif', '<p>L''été semble vouloir jouer les prolongations et on ne va pas s''en plaindre. Alors profitons encore de quelques soirées d''été et week-end ensoleillés pour les derniers barbecues de l''année. Vous recevez, vous êtes invités ?</p>', '<p>L''été semble vouloir jouer les prolongations et on ne va pas s''en plaindre. Alors profitons encore de quelques soirées d''été et week-end ensoleillés pour les derniers barbecues de l''année.</p>\n<blockquote>\n<p>Vous recevez, vous êtes invités ?</p>\n</blockquote>\n<p>L''idée du bouquet de légumes avec sa sauce fera mouche à tous les coups. Carottes, radis, choux-fleurs, tomates cerise... à grignoter à l''apéro ou en accompagnement. Un petit tour au jardin, où les légumes sont déjà épluchés, découpés, montés sur pics pour composer un bouquet original et ludique.</p>', 'des-aperos-tout-en-legerete'),
(1, 2, 'Des apéros tout en légèreté avec des légumes', '', '', '<p>Siquis enim militarium vel honoratorum aut nobilis inter suos rumore tenus esset insimulatus fovisse partes hostiles, iniecto onere catenarum in modum beluae trahebatur et inimico urgente vel nullo, quasi sufficiente hoc solo, quod nominatus esset aut delatus aut postulatus, capite vel multatione bonorum aut insulari solitudine damnabatur.</p>', '<p>Siquis enim militarium vel honoratorum aut nobilis inter suos rumore tenus esset insimulatus fovisse partes hostiles, iniecto onere catenarum in modum beluae trahebatur et inimico urgente vel nullo, quasi sufficiente hoc solo, quod nominatus esset aut delatus aut postulatus, capite vel multatione bonorum aut insulari solitudine damnabatur.</p>', 'des-aperos-tout-en-legerete-avec-des-legumes'),
(2, 1, 'Un mariage tout en douceur', 'C''est indéniable, la gourmandise et la douceur auront été les thèmes phares des mariages de cet été. les bouquets de mariage !', 'bouquet de bonbons, gateau de bonbons, bouquet tagada, bouquet chamallow, bouquet mariage', '<p>C''est indéniable, la gourmandise et la douceur auront été les thèmes phares des mariages de cet été. Quand la fantaisie s''invite à votre table, personne n''y résiste. </p>', '<p>C''est indéniable, la gourmandise et la douceur auront été les thèmes phares des mariages de cet été.</p>\n<p>Quand la fantaisie s''invite à votre table, personne n''y résiste. Tout le monde pioche avec délice dans les bocaux colorés et appétissants des bars à bonbons, arbres à guimauve et autres bouquets de bonbons. Les couleurs chatoyantes des dragibus, fraises tagada ou chamallow mettent un coup d’étincelle à la décoration des buffets traditionnels.</p>', 'un-mariage-tout-en-douceur'),
(2, 2, 'Dîtes le avec des fruits', '', '', '<p>Siquis enim militarium vel honoratorum aut nobilis inter suos rumore tenus esset insimulatus fovisse partes hostiles, iniecto onere catenarum in modum beluae trahebatur et inimico urgente vel nullo, quasi sufficiente hoc solo, quod nominatus esset aut delatus aut postulatus, capite vel multatione bonorum aut insulari solitudine damnabatur.</p>', '<p>Siquis enim militarium vel honoratorum aut nobilis inter suos rumore tenus esset insimulatus fovisse partes hostiles, iniecto onere catenarum in modum beluae trahebatur et inimico urgente vel nullo, quasi sufficiente hoc solo, quod nominatus esset aut delatus aut postulatus, capite vel multatione bonorum aut insulari solitudine damnabatur.</p>', 'dites-le-avec-des-fruits'),
(3, 1, 'Des fruits comme des fleurs', 'Ananas découpé, pamplemousse « déshabillé » et autres délices épluchés composent des bouquets aussi décoratifs que délicieux. ', 'bouquet de fruits, bouquet original, bouquet à croquer, ', '<p>Ananas découpé, pamplemousse « déshabillé » et autres délices épluchés composent des bouquets aussi décoratifs que délicieux. </p>', '<p>Ananas découpé, pamplemousse «déshabillé» et autres délices épluchés composent des bouquets aussi décoratifs que délicieux.</p>\n<p>Préparés quelques heures seulement avant leur livraison, ces bouquets gourmands conservent leur fraîcheur ainsi que les qualités nutritives des fruits frais. La convivialité et la simplicité de leur dégustation en font un produit unique et original. Mieux qu’un bouquet de fleurs pur remercier, plus vitaminé qu’un panier de croissants pour animer une réunion, plus décoratif qu’une corbeille de fruits pour égayer un buffet …</p>', 'des-fruits-comme-des-fleurs'),
(3, 2, 'Un mariage tout en douceur', '', '', '<p>Siquis enim militarium vel honoratorum aut nobilis inter suos rumore tenus esset insimulatus fovisse partes hostiles, iniecto onere catenarum in modum beluae trahebatur et inimico urgente vel nullo, quasi sufficiente hoc solo, quod nominatus esset aut delatus aut postulatus, capite vel multatione bonorum aut insulari solitudine damnabatur.</p>', '<p>Siquis enim militarium vel honoratorum aut nobilis inter suos rumore tenus esset insimulatus fovisse partes hostiles, iniecto onere catenarum in modum beluae trahebatur et inimico urgente vel nullo, quasi sufficiente hoc solo, quod nominatus esset aut delatus aut postulatus, capite vel multatione bonorum aut insulari solitudine damnabatur.</p>', 'un-mariage-tout-en-douceur'),
(4, 1, 'Idées cadeaux', 'Quand on n''a pas le temps de dénicher le cadeau originial à orffrir quand on est invité à dîner, les bouquets à croquer est le bon réflexe à dégainer. ', 'bouquet de fruits, bouquet original, bouquet à croquer, idée cadeau, bouquet macarons, bouquet bonbons, bouquet légumes, ', '<p>Quand on n''a pas le temps de dénicher le cadeau originial à orffrir quand on est invité à dîner, les bouquets à croquer est le bon réflexe à dégainer. </p>', '<p>Quand on n''a pas le temps de dénicher le cadeau originial à orffrir quand on est invité à dîner, les bouquets à croquer est le bon réflexe à dégainer.</p>\n<p>Quelle que soit la saison, à base de fruits ou de légumes, de macarons, bonbons ou chocolat le bouquet qui se mange est l''allié des gourmands qui aiment faire plaisir. Alors à l''approche des fêtes et pour créer la magie de Noël et partager dans la convivialité, les bouquets gourmands sont une source d''inspiration dont vous pouvez user et abuser sans modération.</p>\n<p>Alors si comme nous vous en avez assez des traditionnels cadeaux qui seront à coup sûr remisés dans les placards ou greniers, optez pour un bouquet gourmand.</p>', 'idees-cadeaux');

-- --------------------------------------------------------

--
-- Structure de la table `ps_simpleblog_post_shop`
--

CREATE TABLE IF NOT EXISTS `ps_simpleblog_post_shop` (
  `id_simpleblog_post` int(11) unsigned NOT NULL,
  `id_shop` int(11) unsigned NOT NULL,
  PRIMARY KEY (`id_simpleblog_post`,`id_shop`)
) ENGINE=InnoDB DEFAULT CHARSET=utf8;

--
-- Contenu de la table `ps_simpleblog_post_shop`
--

INSERT INTO `ps_simpleblog_post_shop` (`id_simpleblog_post`, `id_shop`) VALUES
(1, 1),
(2, 1),
(3, 1),
(4, 1);

-- --------------------------------------------------------

--
-- Structure de la table `ps_simpleblog_post_tag`
--

CREATE TABLE IF NOT EXISTS `ps_simpleblog_post_tag` (
  `id_simpleblog_post` int(11) unsigned NOT NULL,
  `id_simpleblog_tag` int(11) unsigned NOT NULL,
  PRIMARY KEY (`id_simpleblog_post`,`id_simpleblog_tag`),
  KEY `id_simpleblog_tag` (`id_simpleblog_tag`)
) ENGINE=InnoDB DEFAULT CHARSET=utf8;

--
-- Contenu de la table `ps_simpleblog_post_tag`
--

INSERT INTO `ps_simpleblog_post_tag` (`id_simpleblog_post`, `id_simpleblog_tag`) VALUES
(1, 2),
(1, 3),
(2, 4),
(2, 5),
(2, 6),
(2, 7),
(2, 8),
(1, 9),
(3, 10),
(4, 10),
(3, 11),
(4, 11),
(3, 12),
(4, 12),
(4, 13),
(4, 14),
(4, 15),
(4, 16);

-- --------------------------------------------------------

--
-- Structure de la table `ps_simpleblog_tag`
--

CREATE TABLE IF NOT EXISTS `ps_simpleblog_tag` (
  `id_simpleblog_tag` int(11) unsigned NOT NULL AUTO_INCREMENT,
  `id_lang` int(11) unsigned NOT NULL,
  `name` varchar(60) NOT NULL,
  PRIMARY KEY (`id_simpleblog_tag`)
) ENGINE=InnoDB  DEFAULT CHARSET=utf8 AUTO_INCREMENT=17 ;

--
-- Contenu de la table `ps_simpleblog_tag`
--

INSERT INTO `ps_simpleblog_tag` (`id_simpleblog_tag`, `id_lang`, `name`) VALUES
(1, 1, 'bouquet de légume'),
(2, 1, 'apéro'),
(3, 1, 'apéritif'),
(4, 1, 'bouquet de bonbons'),
(5, 1, 'gateau de bonbons'),
(6, 1, 'bouquet tagada'),
(7, 1, 'bouquet chamallow'),
(8, 1, 'bouquet mariage'),
(9, 1, 'bouquet de légumes'),
(10, 1, 'bouquet de fruits'),
(11, 1, 'bouquet original'),
(12, 1, 'bouquet à croquer'),
(13, 1, 'idée cadeau'),
(14, 1, 'bouquet macarons'),
(15, 1, 'bouquet bonbons'),
(16, 1, 'bouquet légumes');

-- --------------------------------------------------------

--
-- Structure de la table `ps_smarty_cache`
--

CREATE TABLE IF NOT EXISTS `ps_smarty_cache` (
  `id_smarty_cache` char(40) NOT NULL,
  `name` char(40) NOT NULL,
  `cache_id` varchar(254) DEFAULT NULL,
  `modified` timestamp NOT NULL DEFAULT CURRENT_TIMESTAMP,
  `content` longtext NOT NULL,
  PRIMARY KEY (`id_smarty_cache`),
  KEY `name` (`name`),
  KEY `cache_id` (`cache_id`),
  KEY `modified` (`modified`)
) ENGINE=InnoDB DEFAULT CHARSET=utf8;

-- --------------------------------------------------------

--
-- Structure de la table `ps_smarty_last_flush`
--

CREATE TABLE IF NOT EXISTS `ps_smarty_last_flush` (
  `type` enum('compile','template') NOT NULL DEFAULT 'compile',
  `last_flush` datetime NOT NULL DEFAULT '0000-00-00 00:00:00',
  PRIMARY KEY (`type`)
) ENGINE=InnoDB DEFAULT CHARSET=utf8;

--
-- Contenu de la table `ps_smarty_last_flush`
--

INSERT INTO `ps_smarty_last_flush` (`type`, `last_flush`) VALUES
('compile', '2015-12-22 17:48:14'),
('template', '2016-01-06 13:40:24');

-- --------------------------------------------------------

--
-- Structure de la table `ps_smarty_lazy_cache`
--

CREATE TABLE IF NOT EXISTS `ps_smarty_lazy_cache` (
  `template_hash` varchar(32) NOT NULL DEFAULT '',
  `cache_id` varchar(255) NOT NULL DEFAULT '',
  `compile_id` varchar(32) NOT NULL DEFAULT '',
  `filepath` varchar(255) NOT NULL DEFAULT '',
  `last_update` datetime NOT NULL DEFAULT '0000-00-00 00:00:00',
  PRIMARY KEY (`template_hash`,`cache_id`,`compile_id`)
) ENGINE=InnoDB DEFAULT CHARSET=utf8;

-- --------------------------------------------------------

--
-- Structure de la table `ps_specific_price`
--

CREATE TABLE IF NOT EXISTS `ps_specific_price` (
  `id_specific_price` int(10) unsigned NOT NULL AUTO_INCREMENT,
  `id_specific_price_rule` int(11) unsigned NOT NULL,
  `id_cart` int(11) unsigned NOT NULL,
  `id_product` int(10) unsigned NOT NULL,
  `id_shop` int(11) unsigned NOT NULL DEFAULT '1',
  `id_shop_group` int(11) unsigned NOT NULL,
  `id_currency` int(10) unsigned NOT NULL,
  `id_country` int(10) unsigned NOT NULL,
  `id_group` int(10) unsigned NOT NULL,
  `id_customer` int(10) unsigned NOT NULL,
  `id_product_attribute` int(10) unsigned NOT NULL,
  `price` decimal(20,6) NOT NULL,
  `from_quantity` mediumint(8) unsigned NOT NULL,
  `reduction` decimal(20,6) NOT NULL,
  `reduction_tax` tinyint(1) NOT NULL DEFAULT '1',
  `reduction_type` enum('amount','percentage') NOT NULL,
  `from` datetime NOT NULL,
  `to` datetime NOT NULL,
  PRIMARY KEY (`id_specific_price`),
  UNIQUE KEY `id_product_2` (`id_product`,`id_shop`,`id_shop_group`,`id_currency`,`id_country`,`id_group`,`id_customer`,`id_product_attribute`,`from_quantity`,`id_specific_price_rule`,`from`,`to`),
  KEY `id_product` (`id_product`,`id_shop`,`id_currency`,`id_country`,`id_group`,`id_customer`,`from_quantity`,`from`,`to`),
  KEY `from_quantity` (`from_quantity`),
  KEY `id_specific_price_rule` (`id_specific_price_rule`),
  KEY `id_cart` (`id_cart`)
) ENGINE=InnoDB DEFAULT CHARSET=utf8 AUTO_INCREMENT=1 ;

-- --------------------------------------------------------

--
-- Structure de la table `ps_specific_price_priority`
--

CREATE TABLE IF NOT EXISTS `ps_specific_price_priority` (
  `id_specific_price_priority` int(11) NOT NULL AUTO_INCREMENT,
  `id_product` int(11) NOT NULL,
  `priority` varchar(80) NOT NULL,
  PRIMARY KEY (`id_specific_price_priority`,`id_product`),
  UNIQUE KEY `id_product` (`id_product`)
) ENGINE=InnoDB  DEFAULT CHARSET=utf8 AUTO_INCREMENT=356 ;

--
-- Contenu de la table `ps_specific_price_priority`
--

INSERT INTO `ps_specific_price_priority` (`id_specific_price_priority`, `id_product`, `priority`) VALUES
(1, 1, 'id_shop;id_currency;id_country;id_group'),
(9, 2, 'id_shop;id_currency;id_country;id_group'),
(21, 3, 'id_shop;id_currency;id_country;id_group'),
(27, 4, 'id_shop;id_currency;id_country;id_group'),
(34, 5, 'id_shop;id_currency;id_country;id_group'),
(41, 6, 'id_shop;id_currency;id_country;id_group'),
(48, 7, 'id_shop;id_currency;id_country;id_group'),
(54, 8, 'id_shop;id_currency;id_country;id_group'),
(59, 9, 'id_shop;id_currency;id_country;id_group'),
(66, 10, 'id_shop;id_currency;id_country;id_group'),
(74, 11, 'id_shop;id_currency;id_country;id_group'),
(80, 12, 'id_shop;id_currency;id_country;id_group'),
(90, 13, 'id_shop;id_currency;id_country;id_group'),
(96, 14, 'id_shop;id_currency;id_country;id_group'),
(103, 15, 'id_shop;id_currency;id_country;id_group'),
(107, 16, 'id_shop;id_currency;id_country;id_group'),
(110, 17, 'id_shop;id_currency;id_country;id_group'),
(114, 18, 'id_shop;id_currency;id_country;id_group'),
(123, 19, 'id_shop;id_currency;id_country;id_group'),
(132, 20, 'id_shop;id_currency;id_country;id_group'),
(144, 21, 'id_shop;id_currency;id_country;id_group'),
(150, 22, 'id_shop;id_currency;id_country;id_group'),
(163, 23, 'id_shop;id_currency;id_country;id_group'),
(174, 24, 'id_shop;id_currency;id_country;id_group'),
(181, 25, 'id_shop;id_currency;id_country;id_group'),
(185, 26, 'id_shop;id_currency;id_country;id_group'),
(191, 27, 'id_shop;id_currency;id_country;id_group'),
(195, 28, 'id_shop;id_currency;id_country;id_group'),
(198, 29, 'id_shop;id_currency;id_country;id_group'),
(206, 30, 'id_shop;id_currency;id_country;id_group'),
(211, 31, 'id_shop;id_currency;id_country;id_group'),
(215, 32, 'id_shop;id_currency;id_country;id_group'),
(217, 33, 'id_shop;id_currency;id_country;id_group'),
(220, 34, 'id_shop;id_currency;id_country;id_group'),
(224, 35, 'id_shop;id_currency;id_country;id_group'),
(229, 36, 'id_shop;id_currency;id_country;id_group'),
(234, 37, 'id_shop;id_currency;id_country;id_group'),
(239, 38, 'id_shop;id_currency;id_country;id_group'),
(241, 39, 'id_shop;id_currency;id_country;id_group'),
(246, 40, 'id_shop;id_currency;id_country;id_group'),
(254, 41, 'id_shop;id_currency;id_country;id_group'),
(265, 42, 'id_shop;id_currency;id_country;id_group'),
(272, 43, 'id_shop;id_currency;id_country;id_group'),
(281, 44, 'id_shop;id_currency;id_country;id_group'),
(287, 45, 'id_shop;id_currency;id_country;id_group'),
(292, 46, 'id_shop;id_currency;id_country;id_group'),
(293, 47, 'id_shop;id_currency;id_country;id_group'),
(295, 48, 'id_shop;id_currency;id_country;id_group'),
(297, 49, 'id_shop;id_currency;id_country;id_group'),
(298, 50, 'id_shop;id_currency;id_country;id_group'),
(301, 51, 'id_shop;id_currency;id_country;id_group'),
(304, 52, 'id_shop;id_currency;id_country;id_group'),
(305, 53, 'id_shop;id_currency;id_country;id_group'),
(326, 54, 'id_shop;id_currency;id_country;id_group'),
(337, 55, 'id_shop;id_currency;id_country;id_group'),
(346, 56, 'id_shop;id_currency;id_country;id_group'),
(347, 57, 'id_shop;id_currency;id_country;id_group'),
(352, 58, 'id_shop;id_currency;id_country;id_group'),
(353, 59, 'id_shop;id_currency;id_country;id_group'),
(354, 60, 'id_shop;id_currency;id_country;id_group'),
(355, 61, 'id_shop;id_currency;id_country;id_group');

-- --------------------------------------------------------

--
-- Structure de la table `ps_specific_price_rule`
--

CREATE TABLE IF NOT EXISTS `ps_specific_price_rule` (
  `id_specific_price_rule` int(10) unsigned NOT NULL AUTO_INCREMENT,
  `name` varchar(255) NOT NULL,
  `id_shop` int(11) unsigned NOT NULL DEFAULT '1',
  `id_currency` int(10) unsigned NOT NULL,
  `id_country` int(10) unsigned NOT NULL,
  `id_group` int(10) unsigned NOT NULL,
  `from_quantity` mediumint(8) unsigned NOT NULL,
  `price` decimal(20,6) DEFAULT NULL,
  `reduction` decimal(20,6) NOT NULL,
  `reduction_tax` tinyint(1) NOT NULL DEFAULT '1',
  `reduction_type` enum('amount','percentage') NOT NULL,
  `from` datetime NOT NULL,
  `to` datetime NOT NULL,
  PRIMARY KEY (`id_specific_price_rule`),
  KEY `id_product` (`id_shop`,`id_currency`,`id_country`,`id_group`,`from_quantity`,`from`,`to`)
) ENGINE=InnoDB DEFAULT CHARSET=utf8 AUTO_INCREMENT=1 ;

-- --------------------------------------------------------

--
-- Structure de la table `ps_specific_price_rule_condition`
--

CREATE TABLE IF NOT EXISTS `ps_specific_price_rule_condition` (
  `id_specific_price_rule_condition` int(11) unsigned NOT NULL AUTO_INCREMENT,
  `id_specific_price_rule_condition_group` int(11) unsigned NOT NULL,
  `type` varchar(255) NOT NULL,
  `value` varchar(255) NOT NULL,
  PRIMARY KEY (`id_specific_price_rule_condition`),
  KEY `id_specific_price_rule_condition_group` (`id_specific_price_rule_condition_group`)
) ENGINE=InnoDB DEFAULT CHARSET=utf8 AUTO_INCREMENT=1 ;

-- --------------------------------------------------------

--
-- Structure de la table `ps_specific_price_rule_condition_group`
--

CREATE TABLE IF NOT EXISTS `ps_specific_price_rule_condition_group` (
  `id_specific_price_rule_condition_group` int(11) unsigned NOT NULL AUTO_INCREMENT,
  `id_specific_price_rule` int(11) unsigned NOT NULL,
  PRIMARY KEY (`id_specific_price_rule_condition_group`,`id_specific_price_rule`)
) ENGINE=InnoDB DEFAULT CHARSET=utf8 AUTO_INCREMENT=1 ;

-- --------------------------------------------------------

--
-- Structure de la table `ps_state`
--

CREATE TABLE IF NOT EXISTS `ps_state` (
  `id_state` int(10) unsigned NOT NULL AUTO_INCREMENT,
  `id_country` int(11) unsigned NOT NULL,
  `id_zone` int(11) unsigned NOT NULL,
  `name` varchar(64) NOT NULL,
  `iso_code` varchar(7) NOT NULL,
  `tax_behavior` smallint(1) NOT NULL DEFAULT '0',
  `active` tinyint(1) NOT NULL DEFAULT '0',
  PRIMARY KEY (`id_state`),
  KEY `id_country` (`id_country`),
  KEY `name` (`name`),
  KEY `id_zone` (`id_zone`)
) ENGINE=InnoDB  DEFAULT CHARSET=utf8 AUTO_INCREMENT=313 ;

--
-- Contenu de la table `ps_state`
--

INSERT INTO `ps_state` (`id_state`, `id_country`, `id_zone`, `name`, `iso_code`, `tax_behavior`, `active`) VALUES
(1, 21, 2, 'Alabama', 'AL', 0, 1),
(2, 21, 2, 'Alaska', 'AK', 0, 1),
(3, 21, 2, 'Arizona', 'AZ', 0, 1),
(4, 21, 2, 'Arkansas', 'AR', 0, 1),
(5, 21, 2, 'California', 'CA', 0, 1),
(6, 21, 2, 'Colorado', 'CO', 0, 1),
(7, 21, 2, 'Connecticut', 'CT', 0, 1),
(8, 21, 2, 'Delaware', 'DE', 0, 1),
(9, 21, 2, 'Florida', 'FL', 0, 1),
(10, 21, 2, 'Georgia', 'GA', 0, 1),
(11, 21, 2, 'Hawaii', 'HI', 0, 1),
(12, 21, 2, 'Idaho', 'ID', 0, 1),
(13, 21, 2, 'Illinois', 'IL', 0, 1),
(14, 21, 2, 'Indiana', 'IN', 0, 1),
(15, 21, 2, 'Iowa', 'IA', 0, 1),
(16, 21, 2, 'Kansas', 'KS', 0, 1),
(17, 21, 2, 'Kentucky', 'KY', 0, 1),
(18, 21, 2, 'Louisiana', 'LA', 0, 1),
(19, 21, 2, 'Maine', 'ME', 0, 1),
(20, 21, 2, 'Maryland', 'MD', 0, 1),
(21, 21, 2, 'Massachusetts', 'MA', 0, 1),
(22, 21, 2, 'Michigan', 'MI', 0, 1),
(23, 21, 2, 'Minnesota', 'MN', 0, 1),
(24, 21, 2, 'Mississippi', 'MS', 0, 1),
(25, 21, 2, 'Missouri', 'MO', 0, 1),
(26, 21, 2, 'Montana', 'MT', 0, 1),
(27, 21, 2, 'Nebraska', 'NE', 0, 1),
(28, 21, 2, 'Nevada', 'NV', 0, 1),
(29, 21, 2, 'New Hampshire', 'NH', 0, 1),
(30, 21, 2, 'New Jersey', 'NJ', 0, 1),
(31, 21, 2, 'New Mexico', 'NM', 0, 1),
(32, 21, 2, 'New York', 'NY', 0, 1),
(33, 21, 2, 'North Carolina', 'NC', 0, 1),
(34, 21, 2, 'North Dakota', 'ND', 0, 1),
(35, 21, 2, 'Ohio', 'OH', 0, 1),
(36, 21, 2, 'Oklahoma', 'OK', 0, 1),
(37, 21, 2, 'Oregon', 'OR', 0, 1),
(38, 21, 2, 'Pennsylvania', 'PA', 0, 1),
(39, 21, 2, 'Rhode Island', 'RI', 0, 1),
(40, 21, 2, 'South Carolina', 'SC', 0, 1),
(41, 21, 2, 'South Dakota', 'SD', 0, 1),
(42, 21, 2, 'Tennessee', 'TN', 0, 1),
(43, 21, 2, 'Texas', 'TX', 0, 1),
(44, 21, 2, 'Utah', 'UT', 0, 1),
(45, 21, 2, 'Vermont', 'VT', 0, 1),
(46, 21, 2, 'Virginia', 'VA', 0, 1),
(47, 21, 2, 'Washington', 'WA', 0, 1),
(48, 21, 2, 'West Virginia', 'WV', 0, 1),
(49, 21, 2, 'Wisconsin', 'WI', 0, 1),
(50, 21, 2, 'Wyoming', 'WY', 0, 1),
(51, 21, 2, 'Puerto Rico', 'PR', 0, 1),
(52, 21, 2, 'US Virgin Islands', 'VI', 0, 1),
(53, 21, 2, 'District of Columbia', 'DC', 0, 1),
(54, 145, 2, 'Aguascalientes', 'AGS', 0, 1),
(55, 145, 2, 'Baja California', 'BCN', 0, 1),
(56, 145, 2, 'Baja California Sur', 'BCS', 0, 1),
(57, 145, 2, 'Campeche', 'CAM', 0, 1),
(58, 145, 2, 'Chiapas', 'CHP', 0, 1),
(59, 145, 2, 'Chihuahua', 'CHH', 0, 1),
(60, 145, 2, 'Coahuila', 'COA', 0, 1),
(61, 145, 2, 'Colima', 'COL', 0, 1),
(62, 145, 2, 'Distrito Federal', 'DIF', 0, 1),
(63, 145, 2, 'Durango', 'DUR', 0, 1),
(64, 145, 2, 'Guanajuato', 'GUA', 0, 1),
(65, 145, 2, 'Guerrero', 'GRO', 0, 1),
(66, 145, 2, 'Hidalgo', 'HID', 0, 1),
(67, 145, 2, 'Jalisco', 'JAL', 0, 1),
(68, 145, 2, 'Estado de México', 'MEX', 0, 1),
(69, 145, 2, 'Michoacán', 'MIC', 0, 1),
(70, 145, 2, 'Morelos', 'MOR', 0, 1),
(71, 145, 2, 'Nayarit', 'NAY', 0, 1),
(72, 145, 2, 'Nuevo León', 'NLE', 0, 1),
(73, 145, 2, 'Oaxaca', 'OAX', 0, 1),
(74, 145, 2, 'Puebla', 'PUE', 0, 1),
(75, 145, 2, 'Querétaro', 'QUE', 0, 1),
(76, 145, 2, 'Quintana Roo', 'ROO', 0, 1),
(77, 145, 2, 'San Luis Potosí', 'SLP', 0, 1),
(78, 145, 2, 'Sinaloa', 'SIN', 0, 1),
(79, 145, 2, 'Sonora', 'SON', 0, 1),
(80, 145, 2, 'Tabasco', 'TAB', 0, 1),
(81, 145, 2, 'Tamaulipas', 'TAM', 0, 1),
(82, 145, 2, 'Tlaxcala', 'TLA', 0, 1),
(83, 145, 2, 'Veracruz', 'VER', 0, 1),
(84, 145, 2, 'Yucatán', 'YUC', 0, 1),
(85, 145, 2, 'Zacatecas', 'ZAC', 0, 1),
(86, 4, 2, 'Ontario', 'ON', 0, 1),
(87, 4, 2, 'Quebec', 'QC', 0, 1),
(88, 4, 2, 'British Columbia', 'BC', 0, 1),
(89, 4, 2, 'Alberta', 'AB', 0, 1),
(90, 4, 2, 'Manitoba', 'MB', 0, 1),
(91, 4, 2, 'Saskatchewan', 'SK', 0, 1),
(92, 4, 2, 'Nova Scotia', 'NS', 0, 1),
(93, 4, 2, 'New Brunswick', 'NB', 0, 1),
(94, 4, 2, 'Newfoundland and Labrador', 'NL', 0, 1),
(95, 4, 2, 'Prince Edward Island', 'PE', 0, 1),
(96, 4, 2, 'Northwest Territories', 'NT', 0, 1),
(97, 4, 2, 'Yukon', 'YT', 0, 1),
(98, 4, 2, 'Nunavut', 'NU', 0, 1),
(99, 44, 6, 'Buenos Aires', 'B', 0, 1),
(100, 44, 6, 'Catamarca', 'K', 0, 1),
(101, 44, 6, 'Chaco', 'H', 0, 1),
(102, 44, 6, 'Chubut', 'U', 0, 1),
(103, 44, 6, 'Ciudad de Buenos Aires', 'C', 0, 1),
(104, 44, 6, 'Córdoba', 'X', 0, 1),
(105, 44, 6, 'Corrientes', 'W', 0, 1),
(106, 44, 6, 'Entre Ríos', 'E', 0, 1),
(107, 44, 6, 'Formosa', 'P', 0, 1),
(108, 44, 6, 'Jujuy', 'Y', 0, 1),
(109, 44, 6, 'La Pampa', 'L', 0, 1),
(110, 44, 6, 'La Rioja', 'F', 0, 1),
(111, 44, 6, 'Mendoza', 'M', 0, 1),
(112, 44, 6, 'Misiones', 'N', 0, 1),
(113, 44, 6, 'Neuquén', 'Q', 0, 1),
(114, 44, 6, 'Río Negro', 'R', 0, 1),
(115, 44, 6, 'Salta', 'A', 0, 1),
(116, 44, 6, 'San Juan', 'J', 0, 1),
(117, 44, 6, 'San Luis', 'D', 0, 1),
(118, 44, 6, 'Santa Cruz', 'Z', 0, 1),
(119, 44, 6, 'Santa Fe', 'S', 0, 1),
(120, 44, 6, 'Santiago del Estero', 'G', 0, 1),
(121, 44, 6, 'Tierra del Fuego', 'V', 0, 1),
(122, 44, 6, 'Tucumán', 'T', 0, 1),
(123, 10, 1, 'Agrigento', 'AG', 0, 1),
(124, 10, 1, 'Alessandria', 'AL', 0, 1),
(125, 10, 1, 'Ancona', 'AN', 0, 1),
(126, 10, 1, 'Aosta', 'AO', 0, 1),
(127, 10, 1, 'Arezzo', 'AR', 0, 1),
(128, 10, 1, 'Ascoli Piceno', 'AP', 0, 1),
(129, 10, 1, 'Asti', 'AT', 0, 1),
(130, 10, 1, 'Avellino', 'AV', 0, 1),
(131, 10, 1, 'Bari', 'BA', 0, 1),
(132, 10, 1, 'Barletta-Andria-Trani', 'BT', 0, 1),
(133, 10, 1, 'Belluno', 'BL', 0, 1),
(134, 10, 1, 'Benevento', 'BN', 0, 1),
(135, 10, 1, 'Bergamo', 'BG', 0, 1),
(136, 10, 1, 'Biella', 'BI', 0, 1),
(137, 10, 1, 'Bologna', 'BO', 0, 1),
(138, 10, 1, 'Bolzano', 'BZ', 0, 1),
(139, 10, 1, 'Brescia', 'BS', 0, 1),
(140, 10, 1, 'Brindisi', 'BR', 0, 1),
(141, 10, 1, 'Cagliari', 'CA', 0, 1),
(142, 10, 1, 'Caltanissetta', 'CL', 0, 1),
(143, 10, 1, 'Campobasso', 'CB', 0, 1),
(144, 10, 1, 'Carbonia-Iglesias', 'CI', 0, 1),
(145, 10, 1, 'Caserta', 'CE', 0, 1),
(146, 10, 1, 'Catania', 'CT', 0, 1),
(147, 10, 1, 'Catanzaro', 'CZ', 0, 1),
(148, 10, 1, 'Chieti', 'CH', 0, 1),
(149, 10, 1, 'Como', 'CO', 0, 1),
(150, 10, 1, 'Cosenza', 'CS', 0, 1),
(151, 10, 1, 'Cremona', 'CR', 0, 1),
(152, 10, 1, 'Crotone', 'KR', 0, 1),
(153, 10, 1, 'Cuneo', 'CN', 0, 1),
(154, 10, 1, 'Enna', 'EN', 0, 1),
(155, 10, 1, 'Fermo', 'FM', 0, 1),
(156, 10, 1, 'Ferrara', 'FE', 0, 1),
(157, 10, 1, 'Firenze', 'FI', 0, 1),
(158, 10, 1, 'Foggia', 'FG', 0, 1),
(159, 10, 1, 'Forlì-Cesena', 'FC', 0, 1),
(160, 10, 1, 'Frosinone', 'FR', 0, 1),
(161, 10, 1, 'Genova', 'GE', 0, 1),
(162, 10, 1, 'Gorizia', 'GO', 0, 1),
(163, 10, 1, 'Grosseto', 'GR', 0, 1),
(164, 10, 1, 'Imperia', 'IM', 0, 1),
(165, 10, 1, 'Isernia', 'IS', 0, 1),
(166, 10, 1, 'L''Aquila', 'AQ', 0, 1),
(167, 10, 1, 'La Spezia', 'SP', 0, 1),
(168, 10, 1, 'Latina', 'LT', 0, 1),
(169, 10, 1, 'Lecce', 'LE', 0, 1),
(170, 10, 1, 'Lecco', 'LC', 0, 1),
(171, 10, 1, 'Livorno', 'LI', 0, 1),
(172, 10, 1, 'Lodi', 'LO', 0, 1),
(173, 10, 1, 'Lucca', 'LU', 0, 1),
(174, 10, 1, 'Macerata', 'MC', 0, 1),
(175, 10, 1, 'Mantova', 'MN', 0, 1),
(176, 10, 1, 'Massa', 'MS', 0, 1),
(177, 10, 1, 'Matera', 'MT', 0, 1),
(178, 10, 1, 'Medio Campidano', 'VS', 0, 1),
(179, 10, 1, 'Messina', 'ME', 0, 1),
(180, 10, 1, 'Milano', 'MI', 0, 1),
(181, 10, 1, 'Modena', 'MO', 0, 1),
(182, 10, 1, 'Monza e della Brianza', 'MB', 0, 1),
(183, 10, 1, 'Napoli', 'NA', 0, 1),
(184, 10, 1, 'Novara', 'NO', 0, 1),
(185, 10, 1, 'Nuoro', 'NU', 0, 1),
(186, 10, 1, 'Ogliastra', 'OG', 0, 1),
(187, 10, 1, 'Olbia-Tempio', 'OT', 0, 1),
(188, 10, 1, 'Oristano', 'OR', 0, 1),
(189, 10, 1, 'Padova', 'PD', 0, 1),
(190, 10, 1, 'Palermo', 'PA', 0, 1),
(191, 10, 1, 'Parma', 'PR', 0, 1),
(192, 10, 1, 'Pavia', 'PV', 0, 1),
(193, 10, 1, 'Perugia', 'PG', 0, 1),
(194, 10, 1, 'Pesaro-Urbino', 'PU', 0, 1),
(195, 10, 1, 'Pescara', 'PE', 0, 1),
(196, 10, 1, 'Piacenza', 'PC', 0, 1),
(197, 10, 1, 'Pisa', 'PI', 0, 1),
(198, 10, 1, 'Pistoia', 'PT', 0, 1),
(199, 10, 1, 'Pordenone', 'PN', 0, 1),
(200, 10, 1, 'Potenza', 'PZ', 0, 1),
(201, 10, 1, 'Prato', 'PO', 0, 1),
(202, 10, 1, 'Ragusa', 'RG', 0, 1),
(203, 10, 1, 'Ravenna', 'RA', 0, 1),
(204, 10, 1, 'Reggio Calabria', 'RC', 0, 1),
(205, 10, 1, 'Reggio Emilia', 'RE', 0, 1),
(206, 10, 1, 'Rieti', 'RI', 0, 1),
(207, 10, 1, 'Rimini', 'RN', 0, 1),
(208, 10, 1, 'Roma', 'RM', 0, 1),
(209, 10, 1, 'Rovigo', 'RO', 0, 1),
(210, 10, 1, 'Salerno', 'SA', 0, 1),
(211, 10, 1, 'Sassari', 'SS', 0, 1),
(212, 10, 1, 'Savona', 'SV', 0, 1),
(213, 10, 1, 'Siena', 'SI', 0, 1),
(214, 10, 1, 'Siracusa', 'SR', 0, 1),
(215, 10, 1, 'Sondrio', 'SO', 0, 1),
(216, 10, 1, 'Taranto', 'TA', 0, 1),
(217, 10, 1, 'Teramo', 'TE', 0, 1),
(218, 10, 1, 'Terni', 'TR', 0, 1),
(219, 10, 1, 'Torino', 'TO', 0, 1),
(220, 10, 1, 'Trapani', 'TP', 0, 1),
(221, 10, 1, 'Trento', 'TN', 0, 1),
(222, 10, 1, 'Treviso', 'TV', 0, 1),
(223, 10, 1, 'Trieste', 'TS', 0, 1),
(224, 10, 1, 'Udine', 'UD', 0, 1),
(225, 10, 1, 'Varese', 'VA', 0, 1),
(226, 10, 1, 'Venezia', 'VE', 0, 1),
(227, 10, 1, 'Verbano-Cusio-Ossola', 'VB', 0, 1),
(228, 10, 1, 'Vercelli', 'VC', 0, 1),
(229, 10, 1, 'Verona', 'VR', 0, 1),
(230, 10, 1, 'Vibo Valentia', 'VV', 0, 1),
(231, 10, 1, 'Vicenza', 'VI', 0, 1),
(232, 10, 1, 'Viterbo', 'VT', 0, 1),
(233, 111, 3, 'Aceh', 'AC', 0, 1),
(234, 111, 3, 'Bali', 'BA', 0, 1),
(235, 111, 3, 'Bangka', 'BB', 0, 1),
(236, 111, 3, 'Banten', 'BT', 0, 1),
(237, 111, 3, 'Bengkulu', 'BE', 0, 1),
(238, 111, 3, 'Central Java', 'JT', 0, 1),
(239, 111, 3, 'Central Kalimantan', 'KT', 0, 1),
(240, 111, 3, 'Central Sulawesi', 'ST', 0, 1),
(241, 111, 3, 'Coat of arms of East Java', 'JI', 0, 1),
(242, 111, 3, 'East kalimantan', 'KI', 0, 1),
(243, 111, 3, 'East Nusa Tenggara', 'NT', 0, 1),
(244, 111, 3, 'Lambang propinsi', 'GO', 0, 1),
(245, 111, 3, 'Jakarta', 'JK', 0, 1),
(246, 111, 3, 'Jambi', 'JA', 0, 1),
(247, 111, 3, 'Lampung', 'LA', 0, 1),
(248, 111, 3, 'Maluku', 'MA', 0, 1),
(249, 111, 3, 'North Maluku', 'MU', 0, 1),
(250, 111, 3, 'North Sulawesi', 'SA', 0, 1),
(251, 111, 3, 'North Sumatra', 'SU', 0, 1),
(252, 111, 3, 'Papua', 'PA', 0, 1),
(253, 111, 3, 'Riau', 'RI', 0, 1),
(254, 111, 3, 'Lambang Riau', 'KR', 0, 1),
(255, 111, 3, 'Southeast Sulawesi', 'SG', 0, 1),
(256, 111, 3, 'South Kalimantan', 'KS', 0, 1),
(257, 111, 3, 'South Sulawesi', 'SN', 0, 1),
(258, 111, 3, 'South Sumatra', 'SS', 0, 1),
(259, 111, 3, 'West Java', 'JB', 0, 1),
(260, 111, 3, 'West Kalimantan', 'KB', 0, 1),
(261, 111, 3, 'West Nusa Tenggara', 'NB', 0, 1),
(262, 111, 3, 'Lambang Provinsi Papua Barat', 'PB', 0, 1),
(263, 111, 3, 'West Sulawesi', 'SR', 0, 1),
(264, 111, 3, 'West Sumatra', 'SB', 0, 1),
(265, 111, 3, 'Yogyakarta', 'YO', 0, 1),
(266, 11, 3, 'Aichi', '23', 0, 1),
(267, 11, 3, 'Akita', '05', 0, 1),
(268, 11, 3, 'Aomori', '02', 0, 1),
(269, 11, 3, 'Chiba', '12', 0, 1),
(270, 11, 3, 'Ehime', '38', 0, 1),
(271, 11, 3, 'Fukui', '18', 0, 1),
(272, 11, 3, 'Fukuoka', '40', 0, 1),
(273, 11, 3, 'Fukushima', '07', 0, 1),
(274, 11, 3, 'Gifu', '21', 0, 1),
(275, 11, 3, 'Gunma', '10', 0, 1),
(276, 11, 3, 'Hiroshima', '34', 0, 1),
(277, 11, 3, 'Hokkaido', '01', 0, 1),
(278, 11, 3, 'Hyogo', '28', 0, 1),
(279, 11, 3, 'Ibaraki', '08', 0, 1),
(280, 11, 3, 'Ishikawa', '17', 0, 1),
(281, 11, 3, 'Iwate', '03', 0, 1),
(282, 11, 3, 'Kagawa', '37', 0, 1),
(283, 11, 3, 'Kagoshima', '46', 0, 1),
(284, 11, 3, 'Kanagawa', '14', 0, 1),
(285, 11, 3, 'Kochi', '39', 0, 1),
(286, 11, 3, 'Kumamoto', '43', 0, 1),
(287, 11, 3, 'Kyoto', '26', 0, 1),
(288, 11, 3, 'Mie', '24', 0, 1),
(289, 11, 3, 'Miyagi', '04', 0, 1),
(290, 11, 3, 'Miyazaki', '45', 0, 1),
(291, 11, 3, 'Nagano', '20', 0, 1),
(292, 11, 3, 'Nagasaki', '42', 0, 1),
(293, 11, 3, 'Nara', '29', 0, 1),
(294, 11, 3, 'Niigata', '15', 0, 1),
(295, 11, 3, 'Oita', '44', 0, 1),
(296, 11, 3, 'Okayama', '33', 0, 1),
(297, 11, 3, 'Okinawa', '47', 0, 1),
(298, 11, 3, 'Osaka', '27', 0, 1),
(299, 11, 3, 'Saga', '41', 0, 1),
(300, 11, 3, 'Saitama', '11', 0, 1),
(301, 11, 3, 'Shiga', '25', 0, 1),
(302, 11, 3, 'Shimane', '32', 0, 1),
(303, 11, 3, 'Shizuoka', '22', 0, 1),
(304, 11, 3, 'Tochigi', '09', 0, 1),
(305, 11, 3, 'Tokushima', '36', 0, 1),
(306, 11, 3, 'Tokyo', '13', 0, 1),
(307, 11, 3, 'Tottori', '31', 0, 1),
(308, 11, 3, 'Toyama', '16', 0, 1),
(309, 11, 3, 'Wakayama', '30', 0, 1),
(310, 11, 3, 'Yamagata', '06', 0, 1),
(311, 11, 3, 'Yamaguchi', '35', 0, 1),
(312, 11, 3, 'Yamanashi', '19', 0, 1);

-- --------------------------------------------------------

--
-- Structure de la table `ps_statssearch`
--

CREATE TABLE IF NOT EXISTS `ps_statssearch` (
  `id_statssearch` int(10) unsigned NOT NULL AUTO_INCREMENT,
  `id_shop` int(10) unsigned NOT NULL DEFAULT '1',
  `id_shop_group` int(10) unsigned NOT NULL DEFAULT '1',
  `keywords` varchar(255) NOT NULL,
  `results` int(6) NOT NULL DEFAULT '0',
  `date_add` datetime NOT NULL,
  PRIMARY KEY (`id_statssearch`)
) ENGINE=InnoDB  DEFAULT CHARSET=utf8 AUTO_INCREMENT=2 ;

--
-- Contenu de la table `ps_statssearch`
--

INSERT INTO `ps_statssearch` (`id_statssearch`, `id_shop`, `id_shop_group`, `keywords`, `results`, `date_add`) VALUES
(1, 1, 1, 'Bouquet Soir d''ete', 0, '2015-10-19 07:41:10');

-- --------------------------------------------------------

--
-- Structure de la table `ps_stock`
--

CREATE TABLE IF NOT EXISTS `ps_stock` (
  `id_stock` int(11) unsigned NOT NULL AUTO_INCREMENT,
  `id_warehouse` int(11) unsigned NOT NULL,
  `id_product` int(11) unsigned NOT NULL,
  `id_product_attribute` int(11) unsigned NOT NULL,
  `reference` varchar(32) NOT NULL,
  `ean13` varchar(13) DEFAULT NULL,
  `upc` varchar(12) DEFAULT NULL,
  `physical_quantity` int(11) unsigned NOT NULL,
  `usable_quantity` int(11) unsigned NOT NULL,
  `price_te` decimal(20,6) DEFAULT '0.000000',
  PRIMARY KEY (`id_stock`),
  KEY `id_warehouse` (`id_warehouse`),
  KEY `id_product` (`id_product`),
  KEY `id_product_attribute` (`id_product_attribute`)
) ENGINE=InnoDB DEFAULT CHARSET=utf8 AUTO_INCREMENT=1 ;

-- --------------------------------------------------------

--
-- Structure de la table `ps_stock_available`
--

CREATE TABLE IF NOT EXISTS `ps_stock_available` (
  `id_stock_available` int(11) unsigned NOT NULL AUTO_INCREMENT,
  `id_product` int(11) unsigned NOT NULL,
  `id_product_attribute` int(11) unsigned NOT NULL,
  `id_shop` int(11) unsigned NOT NULL,
  `id_shop_group` int(11) unsigned NOT NULL,
  `quantity` int(10) NOT NULL DEFAULT '0',
  `depends_on_stock` tinyint(1) unsigned NOT NULL DEFAULT '0',
  `out_of_stock` tinyint(1) unsigned NOT NULL DEFAULT '0',
  PRIMARY KEY (`id_stock_available`),
  UNIQUE KEY `product_sqlstock` (`id_product`,`id_product_attribute`,`id_shop`,`id_shop_group`),
  KEY `id_shop` (`id_shop`),
  KEY `id_shop_group` (`id_shop_group`),
  KEY `id_product` (`id_product`),
  KEY `id_product_attribute` (`id_product_attribute`)
) ENGINE=InnoDB  DEFAULT CHARSET=utf8 AUTO_INCREMENT=231 ;

--
-- Contenu de la table `ps_stock_available`
--

INSERT INTO `ps_stock_available` (`id_stock_available`, `id_product`, `id_product_attribute`, `id_shop`, `id_shop_group`, `quantity`, `depends_on_stock`, `out_of_stock`) VALUES
(1, 1, 0, 1, 0, 28, 0, 2),
(2, 1, 1, 1, 0, 8, 0, 2),
(3, 1, 2, 1, 0, 10, 0, 2),
(4, 1, 3, 1, 0, 10, 0, 2),
(5, 2, 0, 1, 0, 0, 0, 2),
(7, 2, 5, 1, 0, 0, 0, 2),
(8, 2, 6, 1, 0, 0, 0, 2),
(9, 2, 7, 1, 0, 0, 0, 2),
(10, 2, 8, 1, 0, 0, 0, 2),
(11, 2, 9, 1, 0, 0, 0, 2),
(12, 3, 0, 1, 0, 0, 0, 2),
(13, 3, 10, 1, 0, 0, 0, 2),
(14, 3, 11, 1, 0, 0, 0, 2),
(15, 3, 12, 1, 0, 0, 0, 2),
(16, 4, 0, 1, 0, 0, 0, 2),
(17, 4, 13, 1, 0, 0, 0, 2),
(18, 5, 0, 1, 0, 0, 0, 2),
(19, 5, 14, 1, 0, 0, 0, 2),
(20, 5, 15, 1, 0, 0, 0, 2),
(21, 5, 16, 1, 0, 0, 0, 2),
(22, 5, 17, 1, 0, 0, 0, 2),
(23, 6, 0, 1, 0, 0, 0, 2),
(24, 6, 18, 1, 0, 0, 0, 2),
(25, 6, 19, 1, 0, 0, 0, 2),
(26, 6, 20, 1, 0, 0, 0, 2),
(27, 6, 21, 1, 0, 0, 0, 2),
(28, 6, 22, 1, 0, 0, 0, 2),
(29, 7, 0, 1, 0, 0, 0, 2),
(30, 7, 23, 1, 0, 0, 0, 2),
(31, 7, 24, 1, 0, 0, 0, 2),
(32, 7, 25, 1, 0, 0, 0, 2),
(33, 8, 0, 1, 0, 0, 0, 2),
(34, 8, 26, 1, 0, 0, 0, 2),
(35, 8, 27, 1, 0, 0, 0, 2),
(36, 9, 0, 1, 0, 0, 0, 2),
(37, 9, 28, 1, 0, 0, 0, 2),
(38, 9, 29, 1, 0, 0, 0, 2),
(39, 9, 30, 1, 0, 0, 0, 2),
(40, 9, 31, 1, 0, 0, 0, 2),
(41, 9, 32, 1, 0, 0, 0, 2),
(42, 10, 0, 1, 0, 0, 0, 2),
(43, 10, 33, 1, 0, 0, 0, 2),
(44, 10, 34, 1, 0, 0, 0, 2),
(45, 10, 35, 1, 0, 0, 0, 2),
(46, 10, 36, 1, 0, 0, 0, 2),
(47, 10, 37, 1, 0, 0, 0, 2),
(48, 10, 38, 1, 0, 0, 0, 2),
(49, 11, 0, 1, 0, 0, 0, 2),
(50, 11, 39, 1, 0, 0, 0, 2),
(51, 11, 40, 1, 0, 0, 0, 2),
(52, 11, 41, 1, 0, 0, 0, 2),
(53, 11, 42, 1, 0, 0, 0, 2),
(54, 12, 0, 1, 0, 0, 0, 2),
(55, 12, 43, 1, 0, 0, 0, 2),
(56, 12, 44, 1, 0, 0, 0, 2),
(57, 12, 45, 1, 0, 0, 0, 2),
(58, 12, 46, 1, 0, 0, 0, 2),
(59, 12, 47, 1, 0, 0, 0, 2),
(60, 13, 0, 1, 0, 0, 0, 2),
(61, 13, 48, 1, 0, 0, 0, 2),
(62, 13, 49, 1, 0, 0, 0, 2),
(63, 13, 50, 1, 0, 0, 0, 2),
(64, 14, 0, 1, 0, 21, 0, 2),
(65, 14, 51, 1, 0, 1, 0, 2),
(66, 14, 52, 1, 0, 10, 0, 2),
(67, 14, 53, 1, 0, 10, 0, 2),
(68, 15, 0, 1, 0, 0, 0, 2),
(69, 15, 54, 1, 0, 0, 0, 2),
(70, 16, 0, 1, 0, 0, 0, 2),
(71, 16, 55, 1, 0, 0, 0, 2),
(72, 17, 0, 1, 0, 0, 0, 2),
(73, 17, 56, 1, 0, 0, 0, 2),
(74, 18, 0, 1, 0, 0, 0, 2),
(75, 18, 57, 1, 0, 0, 0, 2),
(76, 19, 0, 1, 0, 0, 0, 2),
(77, 19, 58, 1, 0, 0, 0, 2),
(78, 19, 59, 1, 0, 0, 0, 2),
(79, 19, 60, 1, 0, 0, 0, 2),
(80, 20, 0, 1, 0, 0, 0, 2),
(81, 20, 61, 1, 0, 0, 0, 2),
(82, 20, 62, 1, 0, 0, 0, 2),
(83, 20, 63, 1, 0, 0, 0, 2),
(84, 20, 64, 1, 0, 0, 0, 2),
(85, 21, 0, 1, 0, 0, 0, 2),
(86, 21, 65, 1, 0, 0, 0, 2),
(87, 21, 66, 1, 0, 0, 0, 2),
(88, 21, 67, 1, 0, 0, 0, 2),
(89, 22, 0, 1, 0, -1, 0, 1),
(90, 22, 68, 1, 0, -1, 0, 1),
(91, 22, 69, 1, 0, 0, 0, 1),
(92, 22, 70, 1, 0, 0, 0, 1),
(93, 23, 0, 1, 0, -1, 0, 2),
(94, 23, 71, 1, 0, 0, 0, 2),
(95, 23, 72, 1, 0, 0, 0, 2),
(96, 23, 73, 1, 0, -1, 0, 2),
(97, 23, 74, 1, 0, 0, 0, 2),
(98, 24, 0, 1, 0, 2999, 0, 2),
(99, 24, 75, 1, 0, 1000, 0, 2),
(100, 24, 76, 1, 0, 1000, 0, 2),
(101, 24, 77, 1, 0, 999, 0, 2),
(102, 25, 0, 1, 0, 0, 0, 2),
(103, 25, 78, 1, 0, 0, 0, 2),
(104, 26, 0, 1, 0, 0, 0, 2),
(105, 26, 79, 1, 0, 0, 0, 2),
(106, 26, 80, 1, 0, 0, 0, 2),
(107, 26, 81, 1, 0, 0, 0, 2),
(108, 27, 0, 1, 0, 0, 0, 2),
(109, 27, 82, 1, 0, 0, 0, 2),
(110, 27, 83, 1, 0, 0, 0, 2),
(111, 28, 0, 1, 0, 0, 0, 2),
(112, 28, 84, 1, 0, 0, 0, 2),
(113, 28, 85, 1, 0, 0, 0, 2),
(114, 29, 0, 1, 0, 0, 0, 2),
(115, 29, 86, 1, 0, 0, 0, 2),
(116, 29, 87, 1, 0, 0, 0, 2),
(117, 29, 88, 1, 0, 0, 0, 2),
(118, 30, 0, 1, 0, 0, 0, 2),
(119, 30, 89, 1, 0, 0, 0, 2),
(120, 30, 90, 1, 0, 0, 0, 2),
(121, 30, 91, 1, 0, 0, 0, 2),
(122, 31, 0, 1, 0, 0, 0, 2),
(123, 31, 92, 1, 0, 0, 0, 2),
(124, 31, 93, 1, 0, 0, 0, 2),
(125, 31, 94, 1, 0, 0, 0, 2),
(126, 32, 0, 1, 0, 0, 0, 2),
(127, 32, 95, 1, 0, 0, 0, 2),
(128, 33, 0, 1, 0, 0, 0, 2),
(129, 33, 96, 1, 0, 0, 0, 2),
(130, 34, 0, 1, 0, 0, 0, 2),
(131, 34, 97, 1, 0, 0, 0, 2),
(132, 34, 98, 1, 0, 0, 0, 2),
(133, 34, 99, 1, 0, 0, 0, 2),
(134, 35, 0, 1, 0, -1, 0, 2),
(135, 35, 100, 1, 0, -1, 0, 2),
(136, 35, 101, 1, 0, 0, 0, 2),
(137, 35, 102, 1, 0, 0, 0, 2),
(138, 36, 0, 1, 0, 0, 0, 2),
(139, 36, 103, 1, 0, 0, 0, 2),
(140, 36, 104, 1, 0, 0, 0, 2),
(141, 36, 105, 1, 0, 0, 0, 2),
(142, 36, 106, 1, 0, 0, 0, 2),
(143, 37, 0, 1, 0, 0, 0, 2),
(144, 37, 107, 1, 0, 0, 0, 2),
(145, 37, 108, 1, 0, 0, 0, 2),
(146, 37, 109, 1, 0, 0, 0, 2),
(147, 38, 0, 1, 0, 0, 0, 2),
(148, 38, 110, 1, 0, 0, 0, 2),
(149, 39, 0, 1, 0, 0, 0, 2),
(150, 39, 111, 1, 0, 0, 0, 2),
(151, 40, 0, 1, 0, 0, 0, 2),
(152, 40, 112, 1, 0, 0, 0, 2),
(153, 40, 113, 1, 0, 0, 0, 2),
(154, 40, 114, 1, 0, 0, 0, 2),
(155, 40, 115, 1, 0, 0, 0, 2),
(156, 40, 116, 1, 0, 0, 0, 2),
(157, 40, 117, 1, 0, 0, 0, 2),
(158, 41, 0, 1, 0, 0, 0, 2),
(159, 41, 118, 1, 0, 0, 0, 2),
(160, 41, 119, 1, 0, 0, 0, 2),
(161, 41, 120, 1, 0, 0, 0, 2),
(162, 41, 121, 1, 0, 0, 0, 2),
(163, 41, 122, 1, 0, 0, 0, 2),
(164, 41, 123, 1, 0, 0, 0, 2),
(166, 41, 125, 1, 0, 0, 0, 2),
(167, 42, 0, 1, 0, 0, 0, 2),
(168, 42, 126, 1, 0, 0, 0, 2),
(169, 42, 127, 1, 0, 0, 0, 2),
(170, 42, 128, 1, 0, 0, 0, 2),
(171, 42, 129, 1, 0, 0, 0, 2),
(172, 42, 130, 1, 0, 0, 0, 2),
(173, 43, 0, 1, 0, 0, 0, 2),
(174, 43, 131, 1, 0, 0, 0, 2),
(175, 43, 132, 1, 0, 0, 0, 2),
(176, 43, 133, 1, 0, 0, 0, 2),
(177, 43, 134, 1, 0, 0, 0, 2),
(178, 43, 135, 1, 0, 0, 0, 2),
(179, 44, 0, 1, 0, 0, 0, 2),
(180, 44, 136, 1, 0, 0, 0, 2),
(181, 44, 137, 1, 0, 0, 0, 2),
(182, 44, 138, 1, 0, 0, 0, 2),
(183, 45, 0, 1, 0, 0, 0, 2),
(184, 45, 139, 1, 0, 0, 0, 2),
(185, 45, 140, 1, 0, 0, 0, 2),
(186, 46, 0, 1, 0, 0, 0, 2),
(187, 46, 141, 1, 0, 0, 0, 2),
(188, 47, 0, 1, 0, 0, 0, 2),
(189, 47, 142, 1, 0, 0, 0, 2),
(192, 49, 0, 1, 0, 0, 0, 2),
(193, 49, 144, 1, 0, 0, 0, 2),
(194, 48, 0, 1, 0, 0, 0, 0),
(195, 50, 0, 1, 0, 0, 0, 2),
(196, 50, 145, 1, 0, 0, 0, 2),
(197, 51, 0, 1, 0, 0, 0, 2),
(198, 51, 146, 1, 0, 0, 0, 2),
(199, 51, 147, 1, 0, 0, 0, 2),
(200, 52, 0, 1, 0, 0, 0, 2),
(201, 52, 148, 1, 0, 0, 0, 2),
(202, 53, 0, 1, 0, 0, 0, 2),
(203, 53, 149, 1, 0, 0, 0, 2),
(204, 53, 150, 1, 0, 0, 0, 2),
(205, 53, 151, 1, 0, 0, 0, 2),
(206, 53, 152, 1, 0, 0, 0, 2),
(207, 54, 0, 1, 0, 0, 0, 2),
(208, 54, 153, 1, 0, 0, 0, 2),
(209, 54, 154, 1, 0, 0, 0, 2),
(211, 55, 0, 1, 0, 0, 0, 2),
(212, 55, 156, 1, 0, 0, 0, 2),
(213, 55, 157, 1, 0, 0, 0, 2),
(214, 55, 158, 1, 0, 0, 0, 2),
(215, 56, 0, 1, 0, 0, 0, 2),
(218, 56, 161, 1, 0, 0, 0, 2),
(219, 57, 0, 1, 0, 0, 0, 2),
(220, 57, 162, 1, 0, 0, 0, 2),
(223, 58, 0, 1, 0, 0, 0, 0),
(224, 59, 0, 1, 0, 0, 0, 2),
(226, 59, 165, 1, 0, 0, 0, 2),
(227, 59, 166, 1, 0, 0, 0, 2),
(228, 60, 0, 1, 0, 0, 0, 2),
(229, 60, 167, 1, 0, 0, 0, 2),
(230, 61, 0, 1, 0, 0, 0, 2);

-- --------------------------------------------------------

--
-- Structure de la table `ps_stock_mvt`
--

CREATE TABLE IF NOT EXISTS `ps_stock_mvt` (
  `id_stock_mvt` bigint(20) unsigned NOT NULL AUTO_INCREMENT,
  `id_stock` int(11) unsigned NOT NULL,
  `id_order` int(11) unsigned DEFAULT NULL,
  `id_supply_order` int(11) unsigned DEFAULT NULL,
  `id_stock_mvt_reason` int(11) unsigned NOT NULL,
  `id_employee` int(11) unsigned NOT NULL,
  `employee_lastname` varchar(32) DEFAULT '',
  `employee_firstname` varchar(32) DEFAULT '',
  `physical_quantity` int(11) unsigned NOT NULL,
  `date_add` datetime NOT NULL,
  `sign` tinyint(1) NOT NULL DEFAULT '1',
  `price_te` decimal(20,6) DEFAULT '0.000000',
  `last_wa` decimal(20,6) DEFAULT '0.000000',
  `current_wa` decimal(20,6) DEFAULT '0.000000',
  `referer` bigint(20) unsigned DEFAULT NULL,
  PRIMARY KEY (`id_stock_mvt`),
  KEY `id_stock` (`id_stock`),
  KEY `id_stock_mvt_reason` (`id_stock_mvt_reason`)
) ENGINE=InnoDB DEFAULT CHARSET=utf8 AUTO_INCREMENT=1 ;

-- --------------------------------------------------------

--
-- Structure de la table `ps_stock_mvt_reason`
--

CREATE TABLE IF NOT EXISTS `ps_stock_mvt_reason` (
  `id_stock_mvt_reason` int(11) unsigned NOT NULL AUTO_INCREMENT,
  `sign` tinyint(1) NOT NULL DEFAULT '1',
  `date_add` datetime NOT NULL,
  `date_upd` datetime NOT NULL,
  `deleted` tinyint(1) unsigned NOT NULL DEFAULT '0',
  PRIMARY KEY (`id_stock_mvt_reason`)
) ENGINE=InnoDB  DEFAULT CHARSET=utf8 AUTO_INCREMENT=9 ;

--
-- Contenu de la table `ps_stock_mvt_reason`
--

INSERT INTO `ps_stock_mvt_reason` (`id_stock_mvt_reason`, `sign`, `date_add`, `date_upd`, `deleted`) VALUES
(1, 1, '2015-07-23 10:50:30', '2015-07-23 10:50:30', 0),
(2, -1, '2015-07-23 10:50:30', '2015-07-23 10:50:30', 0),
(3, -1, '2015-07-23 10:50:30', '2015-07-23 10:50:30', 0),
(4, -1, '2015-07-23 10:50:30', '2015-07-23 10:50:30', 0),
(5, 1, '2015-07-23 10:50:30', '2015-07-23 10:50:30', 0),
(6, -1, '2015-07-23 10:50:30', '2015-07-23 10:50:30', 0),
(7, 1, '2015-07-23 10:50:31', '2015-07-23 10:50:31', 0),
(8, 1, '2015-07-23 10:50:31', '2015-07-23 10:50:31', 0);

-- --------------------------------------------------------

--
-- Structure de la table `ps_stock_mvt_reason_lang`
--

CREATE TABLE IF NOT EXISTS `ps_stock_mvt_reason_lang` (
  `id_stock_mvt_reason` int(11) unsigned NOT NULL,
  `id_lang` int(11) unsigned NOT NULL,
  `name` varchar(255) NOT NULL,
  PRIMARY KEY (`id_stock_mvt_reason`,`id_lang`)
) ENGINE=InnoDB DEFAULT CHARSET=utf8;

--
-- Contenu de la table `ps_stock_mvt_reason_lang`
--

INSERT INTO `ps_stock_mvt_reason_lang` (`id_stock_mvt_reason`, `id_lang`, `name`) VALUES
(1, 1, 'Augmentation'),
(1, 2, 'Augmentation'),
(2, 1, 'Baisse'),
(2, 2, 'Baisse'),
(3, 1, 'Commande client'),
(3, 2, 'Commande client'),
(4, 1, 'Régularisation suite à inventaire'),
(4, 2, 'Régularisation suite à inventaire'),
(5, 1, 'Régularisation suite à inventaire'),
(5, 2, 'Régularisation suite à inventaire'),
(6, 1, 'Transfert vers un autre entrepôt'),
(6, 2, 'Transfert vers un autre entrepôt'),
(7, 1, 'Transfert depuis un autre entrepôt'),
(7, 2, 'Transfert depuis un autre entrepôt'),
(8, 1, 'Commande fournisseur'),
(8, 2, 'Commande fournisseur');

-- --------------------------------------------------------

--
-- Structure de la table `ps_store`
--

CREATE TABLE IF NOT EXISTS `ps_store` (
  `id_store` int(10) unsigned NOT NULL AUTO_INCREMENT,
  `id_country` int(10) unsigned NOT NULL,
  `id_state` int(10) unsigned DEFAULT NULL,
  `name` varchar(128) NOT NULL,
  `address1` varchar(128) NOT NULL,
  `address2` varchar(128) DEFAULT NULL,
  `city` varchar(64) NOT NULL,
  `postcode` varchar(12) NOT NULL,
  `latitude` decimal(13,8) DEFAULT NULL,
  `longitude` decimal(13,8) DEFAULT NULL,
  `hours` varchar(254) DEFAULT NULL,
  `phone` varchar(16) DEFAULT NULL,
  `fax` varchar(16) DEFAULT NULL,
  `email` varchar(128) DEFAULT NULL,
  `note` text,
  `active` tinyint(1) unsigned NOT NULL DEFAULT '0',
  `date_add` datetime NOT NULL,
  `date_upd` datetime NOT NULL,
  PRIMARY KEY (`id_store`)
) ENGINE=InnoDB  DEFAULT CHARSET=utf8 AUTO_INCREMENT=2 ;

--
-- Contenu de la table `ps_store`
--

INSERT INTO `ps_store` (`id_store`, `id_country`, `id_state`, `name`, `address1`, `address2`, `city`, `postcode`, `latitude`, `longitude`, `hours`, `phone`, `fax`, `email`, `note`, `active`, `date_add`, `date_upd`) VALUES
(1, 8, 0, 'BOUQUET A CROQUER', 'Place de la Liberté', '', 'Fontaines-sur-Saône', '69270', '25.76500500', '-80.24379700', 'a:7:{i:0;s:13:"09:00 - 19:00";i:1;s:13:"09:00 - 19:00";i:2;s:13:"09:00 - 19:00";i:3;s:13:"09:00 - 19:00";i:4;s:13:"09:00 - 19:00";i:5;s:13:"10:00 - 16:00";i:6;s:1:"-";}', '04 72 42 09 48', '', 'capf@business-shaker.com', '', 1, '2015-07-23 10:50:42', '2015-07-23 14:09:07');

-- --------------------------------------------------------

--
-- Structure de la table `ps_store_shop`
--

CREATE TABLE IF NOT EXISTS `ps_store_shop` (
  `id_store` int(11) unsigned NOT NULL,
  `id_shop` int(11) unsigned NOT NULL,
  PRIMARY KEY (`id_store`,`id_shop`),
  KEY `id_shop` (`id_shop`)
) ENGINE=InnoDB DEFAULT CHARSET=utf8;

--
-- Contenu de la table `ps_store_shop`
--

INSERT INTO `ps_store_shop` (`id_store`, `id_shop`) VALUES
(1, 1);

-- --------------------------------------------------------

--
-- Structure de la table `ps_supplier`
--

CREATE TABLE IF NOT EXISTS `ps_supplier` (
  `id_supplier` int(10) unsigned NOT NULL AUTO_INCREMENT,
  `name` varchar(64) NOT NULL,
  `date_add` datetime NOT NULL,
  `date_upd` datetime NOT NULL,
  `active` tinyint(1) NOT NULL DEFAULT '0',
  PRIMARY KEY (`id_supplier`)
) ENGINE=InnoDB DEFAULT CHARSET=utf8 AUTO_INCREMENT=1 ;

-- --------------------------------------------------------

--
-- Structure de la table `ps_supplier_lang`
--

CREATE TABLE IF NOT EXISTS `ps_supplier_lang` (
  `id_supplier` int(10) unsigned NOT NULL,
  `id_lang` int(10) unsigned NOT NULL,
  `description` text,
  `meta_title` varchar(128) DEFAULT NULL,
  `meta_keywords` varchar(255) DEFAULT NULL,
  `meta_description` varchar(255) DEFAULT NULL,
  PRIMARY KEY (`id_supplier`,`id_lang`)
) ENGINE=InnoDB DEFAULT CHARSET=utf8;

-- --------------------------------------------------------

--
-- Structure de la table `ps_supplier_shop`
--

CREATE TABLE IF NOT EXISTS `ps_supplier_shop` (
  `id_supplier` int(11) unsigned NOT NULL,
  `id_shop` int(11) unsigned NOT NULL,
  PRIMARY KEY (`id_supplier`,`id_shop`),
  KEY `id_shop` (`id_shop`)
) ENGINE=InnoDB DEFAULT CHARSET=utf8;

-- --------------------------------------------------------

--
-- Structure de la table `ps_supply_order`
--

CREATE TABLE IF NOT EXISTS `ps_supply_order` (
  `id_supply_order` int(11) unsigned NOT NULL AUTO_INCREMENT,
  `id_supplier` int(11) unsigned NOT NULL,
  `supplier_name` varchar(64) NOT NULL,
  `id_lang` int(11) unsigned NOT NULL,
  `id_warehouse` int(11) unsigned NOT NULL,
  `id_supply_order_state` int(11) unsigned NOT NULL,
  `id_currency` int(11) unsigned NOT NULL,
  `id_ref_currency` int(11) unsigned NOT NULL,
  `reference` varchar(64) NOT NULL,
  `date_add` datetime NOT NULL,
  `date_upd` datetime NOT NULL,
  `date_delivery_expected` datetime DEFAULT NULL,
  `total_te` decimal(20,6) DEFAULT '0.000000',
  `total_with_discount_te` decimal(20,6) DEFAULT '0.000000',
  `total_tax` decimal(20,6) DEFAULT '0.000000',
  `total_ti` decimal(20,6) DEFAULT '0.000000',
  `discount_rate` decimal(20,6) DEFAULT '0.000000',
  `discount_value_te` decimal(20,6) DEFAULT '0.000000',
  `is_template` tinyint(1) DEFAULT '0',
  PRIMARY KEY (`id_supply_order`),
  KEY `id_supplier` (`id_supplier`),
  KEY `id_warehouse` (`id_warehouse`),
  KEY `reference` (`reference`)
) ENGINE=InnoDB DEFAULT CHARSET=utf8 AUTO_INCREMENT=1 ;

-- --------------------------------------------------------

--
-- Structure de la table `ps_supply_order_detail`
--

CREATE TABLE IF NOT EXISTS `ps_supply_order_detail` (
  `id_supply_order_detail` int(11) unsigned NOT NULL AUTO_INCREMENT,
  `id_supply_order` int(11) unsigned NOT NULL,
  `id_currency` int(11) unsigned NOT NULL,
  `id_product` int(11) unsigned NOT NULL,
  `id_product_attribute` int(11) unsigned NOT NULL,
  `reference` varchar(32) NOT NULL,
  `supplier_reference` varchar(32) NOT NULL,
  `name` varchar(128) NOT NULL,
  `ean13` varchar(13) DEFAULT NULL,
  `upc` varchar(12) DEFAULT NULL,
  `exchange_rate` decimal(20,6) DEFAULT '0.000000',
  `unit_price_te` decimal(20,6) DEFAULT '0.000000',
  `quantity_expected` int(11) unsigned NOT NULL,
  `quantity_received` int(11) unsigned NOT NULL,
  `price_te` decimal(20,6) DEFAULT '0.000000',
  `discount_rate` decimal(20,6) DEFAULT '0.000000',
  `discount_value_te` decimal(20,6) DEFAULT '0.000000',
  `price_with_discount_te` decimal(20,6) DEFAULT '0.000000',
  `tax_rate` decimal(20,6) DEFAULT '0.000000',
  `tax_value` decimal(20,6) DEFAULT '0.000000',
  `price_ti` decimal(20,6) DEFAULT '0.000000',
  `tax_value_with_order_discount` decimal(20,6) DEFAULT '0.000000',
  `price_with_order_discount_te` decimal(20,6) DEFAULT '0.000000',
  PRIMARY KEY (`id_supply_order_detail`),
  KEY `id_supply_order` (`id_supply_order`,`id_product`),
  KEY `id_product_attribute` (`id_product_attribute`),
  KEY `id_product_product_attribute` (`id_product`,`id_product_attribute`)
) ENGINE=InnoDB DEFAULT CHARSET=utf8 AUTO_INCREMENT=1 ;

-- --------------------------------------------------------

--
-- Structure de la table `ps_supply_order_history`
--

CREATE TABLE IF NOT EXISTS `ps_supply_order_history` (
  `id_supply_order_history` int(11) unsigned NOT NULL AUTO_INCREMENT,
  `id_supply_order` int(11) unsigned NOT NULL,
  `id_employee` int(11) unsigned NOT NULL,
  `employee_lastname` varchar(32) DEFAULT '',
  `employee_firstname` varchar(32) DEFAULT '',
  `id_state` int(11) unsigned NOT NULL,
  `date_add` datetime NOT NULL,
  PRIMARY KEY (`id_supply_order_history`),
  KEY `id_supply_order` (`id_supply_order`),
  KEY `id_employee` (`id_employee`),
  KEY `id_state` (`id_state`)
) ENGINE=InnoDB DEFAULT CHARSET=utf8 AUTO_INCREMENT=1 ;

-- --------------------------------------------------------

--
-- Structure de la table `ps_supply_order_receipt_history`
--

CREATE TABLE IF NOT EXISTS `ps_supply_order_receipt_history` (
  `id_supply_order_receipt_history` int(11) unsigned NOT NULL AUTO_INCREMENT,
  `id_supply_order_detail` int(11) unsigned NOT NULL,
  `id_employee` int(11) unsigned NOT NULL,
  `employee_lastname` varchar(32) DEFAULT '',
  `employee_firstname` varchar(32) DEFAULT '',
  `id_supply_order_state` int(11) unsigned NOT NULL,
  `quantity` int(11) unsigned NOT NULL,
  `date_add` datetime NOT NULL,
  PRIMARY KEY (`id_supply_order_receipt_history`),
  KEY `id_supply_order_detail` (`id_supply_order_detail`),
  KEY `id_supply_order_state` (`id_supply_order_state`)
) ENGINE=InnoDB DEFAULT CHARSET=utf8 AUTO_INCREMENT=1 ;

-- --------------------------------------------------------

--
-- Structure de la table `ps_supply_order_state`
--

CREATE TABLE IF NOT EXISTS `ps_supply_order_state` (
  `id_supply_order_state` int(11) unsigned NOT NULL AUTO_INCREMENT,
  `delivery_note` tinyint(1) NOT NULL DEFAULT '0',
  `editable` tinyint(1) NOT NULL DEFAULT '0',
  `receipt_state` tinyint(1) NOT NULL DEFAULT '0',
  `pending_receipt` tinyint(1) NOT NULL DEFAULT '0',
  `enclosed` tinyint(1) NOT NULL DEFAULT '0',
  `color` varchar(32) DEFAULT NULL,
  PRIMARY KEY (`id_supply_order_state`)
) ENGINE=InnoDB  DEFAULT CHARSET=utf8 AUTO_INCREMENT=7 ;

--
-- Contenu de la table `ps_supply_order_state`
--

INSERT INTO `ps_supply_order_state` (`id_supply_order_state`, `delivery_note`, `editable`, `receipt_state`, `pending_receipt`, `enclosed`, `color`) VALUES
(1, 0, 1, 0, 0, 0, '#faab00'),
(2, 1, 0, 0, 0, 0, '#273cff'),
(3, 0, 0, 0, 1, 0, '#ff37f5'),
(4, 0, 0, 1, 1, 0, '#ff3e33'),
(5, 0, 0, 1, 0, 1, '#00d60c'),
(6, 0, 0, 0, 0, 1, '#666666');

-- --------------------------------------------------------

--
-- Structure de la table `ps_supply_order_state_lang`
--

CREATE TABLE IF NOT EXISTS `ps_supply_order_state_lang` (
  `id_supply_order_state` int(11) unsigned NOT NULL,
  `id_lang` int(11) unsigned NOT NULL,
  `name` varchar(128) DEFAULT NULL,
  PRIMARY KEY (`id_supply_order_state`,`id_lang`)
) ENGINE=InnoDB DEFAULT CHARSET=utf8;

--
-- Contenu de la table `ps_supply_order_state_lang`
--

INSERT INTO `ps_supply_order_state_lang` (`id_supply_order_state`, `id_lang`, `name`) VALUES
(1, 1, '1 - En cours de création'),
(1, 2, '1 - En cours de création'),
(2, 1, '2 - Commande validée'),
(2, 2, '2 - Commande validée'),
(3, 1, '3 - En attente de réception'),
(3, 2, '3 - En attente de réception'),
(4, 1, '4 - Commande reçue partiellement'),
(4, 2, '4 - Commande reçue partiellement'),
(5, 1, '5 - Commande reçue intégralement'),
(5, 2, '5 - Commande reçue intégralement'),
(6, 1, '6 - Commande annulée'),
(6, 2, '6 - Commande annulée');

-- --------------------------------------------------------

--
-- Structure de la table `ps_tab`
--

CREATE TABLE IF NOT EXISTS `ps_tab` (
  `id_tab` int(10) unsigned NOT NULL AUTO_INCREMENT,
  `id_parent` int(11) NOT NULL,
  `class_name` varchar(64) NOT NULL,
  `module` varchar(64) DEFAULT NULL,
  `position` int(10) unsigned NOT NULL,
  `active` tinyint(1) NOT NULL DEFAULT '1',
  `hide_host_mode` tinyint(1) NOT NULL DEFAULT '0',
  PRIMARY KEY (`id_tab`),
  KEY `class_name` (`class_name`),
  KEY `id_parent` (`id_parent`)
) ENGINE=InnoDB  DEFAULT CHARSET=utf8 AUTO_INCREMENT=112 ;

--
-- Contenu de la table `ps_tab`
--

INSERT INTO `ps_tab` (`id_tab`, `id_parent`, `class_name`, `module`, `position`, `active`, `hide_host_mode`) VALUES
(1, 0, 'AdminDashboard', '', 1, 1, 0),
(2, -1, 'AdminCms', '', 1, 1, 0),
(3, -1, 'AdminCmsCategories', '', 2, 1, 0),
(4, -1, 'AdminAttributeGenerator', '', 3, 1, 0),
(5, -1, 'AdminSearch', '', 4, 1, 0),
(6, -1, 'AdminLogin', '', 5, 1, 0),
(7, -1, 'AdminShop', '', 6, 1, 0),
(8, -1, 'AdminShopUrl', '', 7, 1, 0),
(9, 0, 'AdminCatalog', '', 2, 1, 0),
(10, 0, 'AdminParentOrders', '', 3, 1, 0),
(11, 0, 'AdminParentCustomer', '', 4, 1, 0),
(12, 0, 'AdminPriceRule', '', 5, 1, 0),
(13, 0, 'AdminParentModules', '', 6, 1, 0),
(14, 0, 'AdminParentShipping', '', 7, 1, 0),
(15, 0, 'AdminParentLocalization', '', 8, 1, 0),
(16, 0, 'AdminParentPreferences', '', 9, 1, 0),
(17, 0, 'AdminTools', '', 10, 1, 0),
(18, 0, 'AdminAdmin', '', 11, 1, 0),
(19, 0, 'AdminParentStats', '', 12, 1, 0),
(20, 0, 'AdminStock', '', 13, 1, 0),
(21, 9, 'AdminProducts', '', 1, 1, 0),
(22, 9, 'AdminCategories', '', 2, 1, 0),
(23, 9, 'AdminTracking', '', 3, 1, 0),
(24, 9, 'AdminAttributesGroups', '', 4, 1, 0),
(25, 9, 'AdminFeatures', '', 5, 1, 0),
(26, 9, 'AdminManufacturers', '', 6, 1, 0),
(27, 9, 'AdminSuppliers', '', 7, 1, 0),
(28, 9, 'AdminTags', '', 8, 1, 0),
(29, 9, 'AdminAttachments', '', 9, 1, 0),
(30, 10, 'AdminOrders', '', 1, 1, 0),
(31, 10, 'AdminInvoices', '', 2, 1, 0),
(32, 10, 'AdminReturn', '', 3, 1, 0),
(33, 10, 'AdminDeliverySlip', '', 4, 1, 0),
(34, 10, 'AdminSlip', '', 5, 1, 0),
(35, 10, 'AdminStatuses', '', 6, 1, 0),
(36, 10, 'AdminOrderMessage', '', 7, 1, 0),
(37, 11, 'AdminCustomers', '', 1, 1, 0),
(38, 11, 'AdminAddresses', '', 2, 1, 0),
(39, 11, 'AdminGroups', '', 3, 1, 0),
(40, 11, 'AdminCarts', '', 4, 1, 0),
(41, 11, 'AdminCustomerThreads', '', 5, 1, 0),
(42, 11, 'AdminContacts', '', 6, 1, 0),
(43, 11, 'AdminGenders', '', 7, 1, 0),
(44, 11, 'AdminOutstanding', '', 8, 0, 0),
(45, 12, 'AdminCartRules', '', 1, 1, 0),
(46, 12, 'AdminSpecificPriceRule', '', 2, 1, 0),
(47, 12, 'AdminMarketing', '', 3, 1, 0),
(48, 14, 'AdminCarriers', '', 1, 1, 0),
(49, 14, 'AdminShipping', '', 2, 1, 0),
(50, 14, 'AdminCarrierWizard', '', 3, 1, 0),
(51, 15, 'AdminLocalization', '', 1, 1, 0),
(52, 15, 'AdminLanguages', '', 2, 1, 0),
(53, 15, 'AdminZones', '', 3, 1, 0),
(54, 15, 'AdminCountries', '', 4, 1, 0),
(55, 15, 'AdminStates', '', 5, 1, 0),
(56, 15, 'AdminCurrencies', '', 6, 1, 0),
(57, 15, 'AdminTaxes', '', 7, 1, 0),
(58, 15, 'AdminTaxRulesGroup', '', 8, 1, 0),
(59, 15, 'AdminTranslations', '', 9, 1, 0),
(60, 13, 'AdminModules', '', 1, 1, 0),
(61, 13, 'AdminAddonsCatalog', '', 2, 1, 0),
(62, 13, 'AdminModulesPositions', '', 3, 1, 0),
(63, 13, 'AdminPayment', '', 4, 1, 0),
(64, 16, 'AdminPreferences', '', 1, 1, 0),
(65, 16, 'AdminOrderPreferences', '', 2, 1, 0),
(66, 16, 'AdminPPreferences', '', 3, 1, 0),
(67, 16, 'AdminCustomerPreferences', '', 4, 1, 0),
(68, 16, 'AdminThemes', '', 5, 1, 0),
(69, 16, 'AdminMeta', '', 6, 1, 0),
(70, 16, 'AdminCmsContent', '', 7, 1, 0),
(71, 16, 'AdminImages', '', 8, 1, 0),
(72, 16, 'AdminStores', '', 9, 1, 0),
(73, 16, 'AdminSearchConf', '', 10, 1, 0),
(74, 16, 'AdminMaintenance', '', 11, 1, 0),
(75, 16, 'AdminGeolocation', '', 12, 1, 0),
(76, 17, 'AdminInformation', '', 1, 1, 0),
(77, 17, 'AdminPerformance', '', 2, 1, 0),
(78, 17, 'AdminEmails', '', 3, 1, 0),
(79, 17, 'AdminShopGroup', '', 4, 0, 0),
(80, 17, 'AdminImport', '', 5, 1, 0),
(81, 17, 'AdminBackup', '', 6, 1, 0),
(82, 17, 'AdminRequestSql', '', 7, 1, 0),
(83, 17, 'AdminLogs', '', 8, 1, 0),
(84, 17, 'AdminWebservice', '', 9, 1, 0),
(85, 18, 'AdminAdminPreferences', '', 1, 1, 0),
(86, 18, 'AdminQuickAccesses', '', 2, 1, 0),
(87, 18, 'AdminEmployees', '', 3, 1, 0),
(88, 18, 'AdminProfiles', '', 4, 1, 0),
(89, 18, 'AdminAccess', '', 5, 1, 0),
(90, 18, 'AdminTabs', '', 6, 1, 0),
(91, 19, 'AdminStats', '', 1, 1, 0),
(92, 19, 'AdminSearchEngines', '', 2, 1, 0),
(93, 19, 'AdminReferrers', '', 3, 1, 0),
(94, 20, 'AdminWarehouses', '', 1, 1, 0),
(95, 20, 'AdminStockManagement', '', 2, 1, 0),
(96, 20, 'AdminStockMvt', '', 3, 1, 0),
(97, 20, 'AdminStockInstantState', '', 4, 1, 0),
(98, 20, 'AdminStockCover', '', 5, 1, 0),
(99, 20, 'AdminSupplyOrders', '', 6, 1, 0),
(100, 20, 'AdminStockConfiguration', '', 7, 1, 0),
(101, -1, 'AdminBlockCategories', 'blockcategories', 8, 1, 0),
(102, -1, 'AdminDashgoals', 'dashgoals', 9, 1, 0),
(103, -1, 'AdminThemeConfigurator', 'themeconfigurator', 10, 1, 0),
(104, 18, 'AdminGamification', 'gamification', 7, 1, 0),
(105, -1, 'AdminCronJobs', 'cronjobs', 11, 1, 0),
(106, 99999, 'AdminOnboarding', 'onboarding', 1, 1, 0),
(107, 0, 'AdminSimpleBlog', 'ph_simpleblog', 14, 1, 0),
(108, 107, 'AdminSimpleBlogCategories', 'ph_simpleblog', 1, 1, 0),
(109, 107, 'AdminSimpleBlogPosts', 'ph_simpleblog', 2, 1, 0),
(110, 107, 'AdminSimpleBlogTags', 'ph_simpleblog', 3, 1, 0),
(111, 107, 'AdminSimpleBlogSettings', 'ph_simpleblog', 4, 1, 0);

-- --------------------------------------------------------

--
-- Structure de la table `ps_tab_advice`
--

CREATE TABLE IF NOT EXISTS `ps_tab_advice` (
  `id_tab` int(11) NOT NULL,
  `id_advice` int(11) NOT NULL,
  PRIMARY KEY (`id_tab`,`id_advice`)
) ENGINE=InnoDB DEFAULT CHARSET=utf8;

--
-- Contenu de la table `ps_tab_advice`
--

INSERT INTO `ps_tab_advice` (`id_tab`, `id_advice`) VALUES
(0, 26),
(0, 114),
(0, 202),
(0, 290),
(0, 364),
(0, 450),
(0, 513),
(1, 4),
(1, 5),
(1, 6),
(1, 20),
(1, 21),
(1, 29),
(1, 30),
(1, 31),
(1, 32),
(1, 33),
(1, 34),
(1, 35),
(1, 37),
(1, 40),
(1, 43),
(1, 44),
(1, 45),
(1, 46),
(1, 47),
(1, 48),
(1, 52),
(1, 53),
(1, 55),
(1, 56),
(1, 58),
(1, 59),
(1, 60),
(1, 61),
(1, 62),
(1, 63),
(1, 65),
(1, 66),
(1, 67),
(1, 68),
(1, 69),
(1, 70),
(1, 71),
(1, 72),
(1, 73),
(1, 74),
(1, 75),
(1, 76),
(1, 77),
(1, 78),
(1, 79),
(1, 80),
(1, 81),
(1, 82),
(1, 83),
(1, 84),
(1, 85),
(1, 86),
(1, 87),
(1, 88),
(1, 89),
(1, 92),
(1, 93),
(1, 94),
(1, 108),
(1, 109),
(1, 118),
(1, 119),
(1, 120),
(1, 121),
(1, 122),
(1, 123),
(1, 124),
(1, 126),
(1, 129),
(1, 133),
(1, 134),
(1, 135),
(1, 136),
(1, 137),
(1, 138),
(1, 139),
(1, 140),
(1, 144),
(1, 145),
(1, 147),
(1, 148),
(1, 150),
(1, 151),
(1, 152),
(1, 153),
(1, 154),
(1, 155),
(1, 157),
(1, 158),
(1, 159),
(1, 160),
(1, 161),
(1, 162),
(1, 163),
(1, 164),
(1, 165),
(1, 166),
(1, 167),
(1, 168),
(1, 169),
(1, 170),
(1, 171),
(1, 172),
(1, 173),
(1, 174),
(1, 175),
(1, 176),
(1, 180),
(1, 181),
(1, 182),
(1, 196),
(1, 197),
(1, 206),
(1, 207),
(1, 208),
(1, 209),
(1, 210),
(1, 211),
(1, 212),
(1, 214),
(1, 217),
(1, 221),
(1, 222),
(1, 223),
(1, 224),
(1, 225),
(1, 226),
(1, 227),
(1, 228),
(1, 232),
(1, 233),
(1, 235),
(1, 236),
(1, 238),
(1, 239),
(1, 240),
(1, 241),
(1, 242),
(1, 243),
(1, 245),
(1, 246),
(1, 247),
(1, 248),
(1, 249),
(1, 250),
(1, 251),
(1, 252),
(1, 253),
(1, 254),
(1, 255),
(1, 256),
(1, 257),
(1, 258),
(1, 259),
(1, 260),
(1, 261),
(1, 262),
(1, 263),
(1, 264),
(1, 268),
(1, 269),
(1, 270),
(1, 284),
(1, 285),
(1, 294),
(1, 295),
(1, 296),
(1, 297),
(1, 298),
(1, 299),
(1, 300),
(1, 302),
(1, 305),
(1, 309),
(1, 310),
(1, 311),
(1, 312),
(1, 313),
(1, 314),
(1, 315),
(1, 316),
(1, 320),
(1, 321),
(1, 323),
(1, 324),
(1, 326),
(1, 327),
(1, 328),
(1, 329),
(1, 330),
(1, 331),
(1, 333),
(1, 334),
(1, 335),
(1, 336),
(1, 337),
(1, 338),
(1, 339),
(1, 340),
(1, 341),
(1, 342),
(1, 343),
(1, 344),
(1, 345),
(1, 346),
(1, 347),
(1, 348),
(1, 349),
(1, 350),
(1, 351),
(1, 352),
(1, 357),
(1, 358),
(1, 359),
(1, 369),
(1, 370),
(1, 371),
(1, 372),
(1, 373),
(1, 374),
(1, 375),
(1, 376),
(1, 379),
(1, 383),
(1, 387),
(1, 388),
(1, 389),
(1, 390),
(1, 391),
(1, 392),
(1, 393),
(1, 394),
(1, 399),
(1, 400),
(1, 402),
(1, 403),
(1, 405),
(1, 406),
(1, 407),
(1, 408),
(1, 409),
(1, 410),
(1, 411),
(1, 413),
(1, 414),
(1, 415),
(1, 416),
(1, 417),
(1, 418),
(1, 419),
(1, 420),
(1, 421),
(1, 422),
(1, 426),
(1, 427),
(1, 428),
(1, 443),
(1, 444),
(1, 445),
(1, 455),
(1, 456),
(1, 457),
(1, 458),
(1, 459),
(1, 460),
(1, 461),
(1, 462),
(1, 465),
(1, 469),
(1, 473),
(1, 474),
(1, 475),
(1, 476),
(1, 477),
(1, 478),
(1, 479),
(1, 480),
(1, 485),
(1, 486),
(1, 488),
(1, 489),
(1, 491),
(1, 492),
(1, 493),
(1, 494),
(1, 495),
(1, 496),
(1, 497),
(1, 499),
(1, 500),
(1, 501),
(1, 502),
(1, 503),
(1, 504),
(1, 505),
(1, 506),
(1, 507),
(1, 508),
(1, 509),
(1, 518),
(1, 519),
(1, 520),
(1, 521),
(1, 522),
(1, 523),
(1, 524),
(1, 525),
(1, 528),
(1, 532),
(1, 536),
(1, 537),
(1, 538),
(1, 539),
(1, 540),
(1, 541),
(1, 542),
(1, 543),
(1, 548),
(1, 549),
(1, 551),
(1, 552),
(1, 554),
(1, 555),
(1, 556),
(1, 557),
(1, 558),
(1, 559),
(1, 560),
(1, 561),
(1, 562),
(1, 563),
(1, 564),
(1, 565),
(1, 566),
(9, 9),
(9, 42),
(9, 49),
(9, 97),
(9, 131),
(9, 141),
(9, 185),
(9, 219),
(9, 229),
(9, 273),
(9, 307),
(9, 317),
(9, 385),
(9, 395),
(9, 396),
(9, 431),
(9, 471),
(9, 481),
(9, 482),
(9, 534),
(9, 544),
(9, 545),
(21, 7),
(21, 9),
(21, 10),
(21, 18),
(21, 28),
(21, 38),
(21, 39),
(21, 41),
(21, 46),
(21, 54),
(21, 95),
(21, 97),
(21, 98),
(21, 106),
(21, 116),
(21, 127),
(21, 128),
(21, 130),
(21, 138),
(21, 146),
(21, 183),
(21, 185),
(21, 186),
(21, 194),
(21, 204),
(21, 215),
(21, 216),
(21, 218),
(21, 226),
(21, 234),
(21, 271),
(21, 273),
(21, 274),
(21, 282),
(21, 292),
(21, 303),
(21, 304),
(21, 306),
(21, 314),
(21, 322),
(21, 355),
(21, 366),
(21, 368),
(21, 378),
(21, 380),
(21, 381),
(21, 384),
(21, 392),
(21, 396),
(21, 401),
(21, 429),
(21, 431),
(21, 432),
(21, 441),
(21, 452),
(21, 454),
(21, 464),
(21, 466),
(21, 467),
(21, 470),
(21, 478),
(21, 482),
(21, 487),
(21, 515),
(21, 517),
(21, 527),
(21, 529),
(21, 530),
(21, 533),
(21, 541),
(21, 545),
(21, 550),
(22, 7),
(22, 17),
(22, 22),
(22, 42),
(22, 46),
(22, 57),
(22, 95),
(22, 105),
(22, 110),
(22, 131),
(22, 138),
(22, 149),
(22, 183),
(22, 193),
(22, 198),
(22, 219),
(22, 226),
(22, 237),
(22, 271),
(22, 281),
(22, 286),
(22, 307),
(22, 314),
(22, 325),
(22, 354),
(22, 360),
(22, 385),
(22, 392),
(22, 404),
(22, 429),
(22, 433),
(22, 440),
(22, 446),
(22, 471),
(22, 478),
(22, 490),
(22, 534),
(22, 541),
(22, 553),
(23, 17),
(23, 22),
(23, 105),
(23, 110),
(23, 193),
(23, 198),
(23, 281),
(23, 286),
(23, 354),
(23, 360),
(23, 433),
(23, 440),
(23, 446),
(30, 2),
(30, 3),
(30, 7),
(30, 17),
(30, 22),
(30, 38),
(30, 54),
(30, 90),
(30, 91),
(30, 95),
(30, 105),
(30, 110),
(30, 127),
(30, 146),
(30, 178),
(30, 179),
(30, 183),
(30, 193),
(30, 198),
(30, 215),
(30, 234),
(30, 266),
(30, 267),
(30, 271),
(30, 281),
(30, 286),
(30, 303),
(30, 322),
(30, 354),
(30, 360),
(30, 380),
(30, 401),
(30, 424),
(30, 425),
(30, 429),
(30, 440),
(30, 446),
(30, 466),
(30, 487),
(30, 529),
(30, 550),
(31, 7),
(31, 54),
(31, 95),
(31, 146),
(31, 183),
(31, 234),
(31, 271),
(31, 322),
(31, 401),
(31, 429),
(31, 487),
(31, 550),
(33, 117),
(33, 205),
(33, 293),
(33, 367),
(33, 453),
(33, 516),
(37, 7),
(37, 36),
(37, 49),
(37, 54),
(37, 64),
(37, 95),
(37, 125),
(37, 141),
(37, 146),
(37, 156),
(37, 183),
(37, 213),
(37, 229),
(37, 234),
(37, 244),
(37, 271),
(37, 301),
(37, 317),
(37, 322),
(37, 332),
(37, 368),
(37, 377),
(37, 378),
(37, 382),
(37, 395),
(37, 401),
(37, 412),
(37, 429),
(37, 454),
(37, 463),
(37, 464),
(37, 468),
(37, 481),
(37, 487),
(37, 498),
(37, 517),
(37, 526),
(37, 527),
(37, 531),
(37, 544),
(37, 550),
(38, 50),
(38, 51),
(38, 142),
(38, 143),
(38, 230),
(38, 231),
(38, 318),
(38, 319),
(38, 397),
(38, 398),
(38, 483),
(38, 484),
(38, 546),
(38, 547),
(39, 8),
(39, 49),
(39, 64),
(39, 96),
(39, 141),
(39, 156),
(39, 184),
(39, 229),
(39, 244),
(39, 272),
(39, 317),
(39, 332),
(39, 395),
(39, 412),
(39, 430),
(39, 481),
(39, 498),
(39, 544),
(41, 36),
(41, 50),
(41, 51),
(41, 54),
(41, 64),
(41, 125),
(41, 142),
(41, 143),
(41, 146),
(41, 156),
(41, 213),
(41, 230),
(41, 231),
(41, 234),
(41, 244),
(41, 301),
(41, 318),
(41, 319),
(41, 322),
(41, 332),
(41, 377),
(41, 397),
(41, 398),
(41, 401),
(41, 412),
(41, 463),
(41, 483),
(41, 484),
(41, 487),
(41, 498),
(41, 526),
(41, 546),
(41, 547),
(41, 550),
(42, 64),
(42, 156),
(42, 244),
(42, 332),
(42, 412),
(42, 498),
(47, 368),
(47, 378),
(47, 454),
(47, 464),
(47, 517),
(47, 527),
(48, 1),
(48, 177),
(48, 265),
(48, 423),
(49, 117),
(49, 205),
(49, 293),
(49, 367),
(49, 453),
(49, 516),
(51, 52),
(51, 144),
(51, 232),
(51, 320),
(51, 399),
(51, 485),
(51, 548),
(53, 23),
(53, 111),
(53, 199),
(53, 287),
(53, 361),
(53, 447),
(53, 510),
(59, 9),
(59, 19),
(59, 97),
(59, 107),
(59, 185),
(59, 195),
(59, 273),
(59, 283),
(59, 356),
(59, 431),
(59, 442),
(60, 46),
(60, 138),
(60, 226),
(60, 314),
(60, 392),
(60, 478),
(60, 541),
(63, 24),
(63, 112),
(63, 132),
(63, 200),
(63, 220),
(63, 288),
(63, 308),
(63, 362),
(63, 386),
(63, 448),
(63, 472),
(63, 511),
(63, 535),
(65, 25),
(65, 113),
(65, 201),
(65, 289),
(65, 363),
(65, 449),
(65, 512),
(67, 64),
(67, 156),
(67, 244),
(67, 332),
(67, 412),
(67, 498),
(68, 27),
(68, 46),
(68, 52),
(68, 115),
(68, 138),
(68, 144),
(68, 203),
(68, 226),
(68, 232),
(68, 291),
(68, 314),
(68, 320),
(68, 365),
(68, 392),
(68, 399),
(68, 451),
(68, 478),
(68, 485),
(68, 514),
(68, 541),
(68, 548),
(69, 10),
(69, 52),
(69, 98),
(69, 144),
(69, 186),
(69, 232),
(69, 274),
(69, 320),
(69, 399),
(69, 432),
(69, 485),
(69, 548),
(70, 46),
(70, 54),
(70, 138),
(70, 146),
(70, 226),
(70, 234),
(70, 314),
(70, 322),
(70, 392),
(70, 401),
(70, 478),
(70, 487),
(70, 541),
(70, 550),
(71, 8),
(71, 96),
(71, 184),
(71, 272),
(71, 430),
(76, 11),
(76, 99),
(76, 187),
(76, 275),
(76, 434),
(77, 12),
(77, 100),
(77, 188),
(77, 276),
(77, 435),
(78, 8),
(78, 96),
(78, 184),
(78, 272),
(78, 430),
(80, 46),
(80, 138),
(80, 226),
(80, 314),
(80, 392),
(80, 478),
(80, 541),
(81, 8),
(81, 9),
(81, 13),
(81, 96),
(81, 97),
(81, 101),
(81, 184),
(81, 185),
(81, 189),
(81, 272),
(81, 273),
(81, 277),
(81, 430),
(81, 431),
(81, 436),
(82, 14),
(82, 102),
(82, 190),
(82, 278),
(82, 437),
(83, 15),
(83, 103),
(83, 191),
(83, 279),
(83, 438),
(84, 16),
(84, 104),
(84, 192),
(84, 280),
(84, 353),
(84, 439),
(91, 8),
(91, 18),
(91, 96),
(91, 106),
(91, 184),
(91, 194),
(91, 272),
(91, 282),
(91, 355),
(91, 430),
(91, 433),
(91, 441),
(93, 18),
(93, 106),
(93, 194),
(93, 282),
(93, 355),
(93, 441);

-- --------------------------------------------------------

--
-- Structure de la table `ps_tab_lang`
--

CREATE TABLE IF NOT EXISTS `ps_tab_lang` (
  `id_tab` int(10) unsigned NOT NULL,
  `id_lang` int(10) unsigned NOT NULL,
  `name` varchar(64) DEFAULT NULL,
  PRIMARY KEY (`id_tab`,`id_lang`)
) ENGINE=InnoDB DEFAULT CHARSET=utf8;

--
-- Contenu de la table `ps_tab_lang`
--

INSERT INTO `ps_tab_lang` (`id_tab`, `id_lang`, `name`) VALUES
(1, 1, 'Tableau de bord'),
(1, 2, 'Dashboard'),
(2, 1, 'Pages et Catégories CMS'),
(2, 2, 'CMS Pages'),
(3, 1, 'Pages et Catégories CMS'),
(3, 2, 'CMS Categories'),
(4, 1, 'Générateur de déclinaisons'),
(4, 2, 'Combinations Generator'),
(5, 1, 'Rechercher'),
(5, 2, 'Search'),
(6, 1, 'Identifiant'),
(6, 2, 'Login'),
(7, 1, 'Boutiques'),
(7, 2, 'Shops'),
(8, 1, 'URL des boutiques'),
(8, 2, 'Shop URLs'),
(9, 1, 'Catalogue'),
(9, 2, 'Catalog'),
(10, 1, 'Commandes'),
(10, 2, 'Orders'),
(11, 1, 'Clients'),
(11, 2, 'Customers'),
(12, 1, 'Promotions'),
(12, 2, 'Price Rules'),
(13, 1, 'Modules et services'),
(13, 2, 'Modules and Services'),
(14, 1, 'Livraison'),
(14, 2, 'Shipping'),
(15, 1, 'Localisation'),
(15, 2, 'Localization'),
(16, 1, 'Préférences'),
(16, 2, 'Preferences'),
(17, 1, 'Paramètres avancés'),
(17, 2, 'Advanced Parameters'),
(18, 1, 'Administration'),
(18, 2, 'Administration'),
(19, 1, 'Statistiques'),
(19, 2, 'Stats'),
(20, 1, 'Stock'),
(20, 2, 'Stock'),
(21, 1, 'Produits'),
(21, 2, 'Products'),
(22, 1, 'Catégories'),
(22, 2, 'Categories'),
(23, 1, 'Suivi'),
(23, 2, 'Monitoring'),
(24, 1, 'Attributs des produits'),
(24, 2, 'Product Attributes'),
(25, 1, 'Caractéristiques'),
(25, 2, 'Product Features'),
(26, 1, 'Fabricants'),
(26, 2, 'Manufacturers'),
(27, 1, 'Fournisseurs'),
(27, 2, 'Suppliers'),
(28, 1, 'Mots-clés'),
(28, 2, 'Tags'),
(29, 1, 'Documents joints'),
(29, 2, 'Attachments'),
(30, 1, 'Commandes'),
(30, 2, 'Orders'),
(31, 1, 'Factures'),
(31, 2, 'Invoices'),
(32, 1, 'Retours produits'),
(32, 2, 'Merchandise Returns'),
(33, 1, 'Bons de livraison'),
(33, 2, 'Delivery Slips'),
(34, 1, 'Avoirs'),
(34, 2, 'Credit Slips'),
(35, 1, 'États'),
(35, 2, 'Statuses'),
(36, 1, 'Messages prédéfinis'),
(36, 2, 'Order Messages'),
(37, 1, 'Clients'),
(37, 2, 'Customers'),
(38, 1, 'Adresses'),
(38, 2, 'Addresses'),
(39, 1, 'Groupes'),
(39, 2, 'Groups'),
(40, 1, 'Paniers'),
(40, 2, 'Shopping Carts'),
(41, 1, 'SAV'),
(41, 2, 'Customer Service'),
(42, 1, 'Contacts'),
(42, 2, 'Contacts'),
(43, 1, 'Titres de civilité'),
(43, 2, 'Titles'),
(44, 1, 'Encours autorisés'),
(44, 2, 'Outstanding'),
(45, 1, 'Règles panier'),
(45, 2, 'Cart Rules'),
(46, 1, 'Règles de prix catalogue'),
(46, 2, 'Catalog Price Rules'),
(47, 1, 'Marketing'),
(47, 2, 'Marketing'),
(48, 1, 'Transporteurs'),
(48, 2, 'Carriers'),
(49, 1, 'Préférences'),
(49, 2, 'Preferences'),
(50, 1, 'Transporteur'),
(50, 2, 'Carrier'),
(51, 1, 'Localisation'),
(51, 2, 'Localization'),
(52, 1, 'Langues'),
(52, 2, 'Languages'),
(53, 1, 'Zones'),
(53, 2, 'Zones'),
(54, 1, 'Pays'),
(54, 2, 'Countries'),
(55, 1, 'États'),
(55, 2, 'States'),
(56, 1, 'Devises'),
(56, 2, 'Currencies'),
(57, 1, 'Taxes'),
(57, 2, 'Taxes'),
(58, 1, 'Règles de taxes'),
(58, 2, 'Tax Rules'),
(59, 1, 'Traductions'),
(59, 2, 'Translations'),
(60, 1, 'Modules et services'),
(60, 2, 'Modules and Services'),
(61, 1, 'Catalogue de Modules et Thèmes'),
(61, 2, 'Modules & Themes Catalog'),
(62, 1, 'Positions'),
(62, 2, 'Positions'),
(63, 1, 'Paiement'),
(63, 2, 'Payment'),
(64, 1, 'Paramètres généraux'),
(64, 2, 'General'),
(65, 1, 'Commandes'),
(65, 2, 'Orders'),
(66, 1, 'Produits'),
(66, 2, 'Products'),
(67, 1, 'Clients'),
(67, 2, 'Customers'),
(68, 1, 'Thèmes'),
(68, 2, 'Themes'),
(69, 1, 'SEO & URL'),
(69, 2, 'SEO & URLs'),
(70, 1, 'CMS'),
(70, 2, 'CMS'),
(71, 1, 'Images'),
(71, 2, 'Images'),
(72, 1, 'Coordonnées et magasins'),
(72, 2, 'Store Contacts'),
(73, 1, 'Rechercher'),
(73, 2, 'Search'),
(74, 1, 'Maintenance'),
(74, 2, 'Maintenance'),
(75, 1, 'Géolocalisation'),
(75, 2, 'Geolocation'),
(76, 1, 'Informations'),
(76, 2, 'Configuration Information'),
(77, 1, 'Performances'),
(77, 2, 'Performance'),
(78, 1, 'Email'),
(78, 2, 'E-mail'),
(79, 1, 'Multiboutique'),
(79, 2, 'Multistore'),
(80, 1, 'Imports CSV'),
(80, 2, 'CSV Import'),
(81, 1, 'Sauvegarde BDD'),
(81, 2, 'DB Backup'),
(82, 1, 'Gestionnaire SQL'),
(82, 2, 'SQL Manager'),
(83, 1, 'Logs'),
(83, 2, 'Logs'),
(84, 1, 'Webservice'),
(84, 2, 'Webservice'),
(85, 1, 'Préférences'),
(85, 2, 'Preferences'),
(86, 1, 'Accès rapide'),
(86, 2, 'Quick Access'),
(87, 1, 'Employés'),
(87, 2, 'Employees'),
(88, 1, 'Profils'),
(88, 2, 'Profiles'),
(89, 1, 'Permissions'),
(89, 2, 'Permissions'),
(90, 1, 'Menus'),
(90, 2, 'Menus'),
(91, 1, 'Statistiques'),
(91, 2, 'Stats'),
(92, 1, 'Moteurs de recherche'),
(92, 2, 'Search Engines'),
(93, 1, 'Affiliés'),
(93, 2, 'Referrers'),
(94, 1, 'Entrepôts'),
(94, 2, 'Warehouses'),
(95, 1, 'Gestion du stock'),
(95, 2, 'Stock Management'),
(96, 1, 'Mouvements de stock'),
(96, 2, 'Stock Movement'),
(97, 1, 'État instantané du stock'),
(97, 2, 'Instant Stock Status'),
(98, 1, 'Couverture du stock'),
(98, 2, 'Stock Coverage'),
(99, 1, 'Commandes fournisseurs'),
(99, 2, 'Supply orders'),
(100, 1, 'Paramètres'),
(100, 2, 'Configuration'),
(101, 1, 'Bloc Catégories'),
(101, 2, 'BlockCategories'),
(102, 1, 'Objectifs'),
(102, 2, 'Dashgoals'),
(103, 1, 'Configurateur de thème'),
(103, 2, 'Theme Configurator'),
(104, 1, 'Expertise PrestaShop'),
(104, 2, 'Merchant Expertise'),
(105, 1, 'Tâches cron'),
(105, 2, 'Cron Jobs'),
(106, 1, 'Onboarding'),
(106, 2, 'Onboarding'),
(107, 1, 'Simple Blog'),
(107, 2, 'Simple Blog'),
(108, 1, 'Categories'),
(108, 2, 'Categories'),
(109, 1, 'Posts'),
(109, 2, 'Posts'),
(110, 1, 'Tags'),
(110, 2, 'Tags'),
(111, 1, 'Settings'),
(111, 2, 'Settings');

-- --------------------------------------------------------

--
-- Structure de la table `ps_tab_module_preference`
--

CREATE TABLE IF NOT EXISTS `ps_tab_module_preference` (
  `id_tab_module_preference` int(11) NOT NULL AUTO_INCREMENT,
  `id_employee` int(11) NOT NULL,
  `id_tab` int(11) NOT NULL,
  `module` varchar(255) NOT NULL,
  PRIMARY KEY (`id_tab_module_preference`),
  UNIQUE KEY `employee_module` (`id_employee`,`id_tab`,`module`)
) ENGINE=InnoDB DEFAULT CHARSET=utf8 AUTO_INCREMENT=1 ;

-- --------------------------------------------------------

--
-- Structure de la table `ps_tag`
--

CREATE TABLE IF NOT EXISTS `ps_tag` (
  `id_tag` int(10) unsigned NOT NULL AUTO_INCREMENT,
  `id_lang` int(10) unsigned NOT NULL,
  `name` varchar(32) NOT NULL,
  PRIMARY KEY (`id_tag`),
  KEY `tag_name` (`name`),
  KEY `id_lang` (`id_lang`)
) ENGINE=InnoDB DEFAULT CHARSET=utf8 AUTO_INCREMENT=1 ;

-- --------------------------------------------------------

--
-- Structure de la table `ps_tag_count`
--

CREATE TABLE IF NOT EXISTS `ps_tag_count` (
  `id_group` int(10) unsigned NOT NULL DEFAULT '0',
  `id_tag` int(10) unsigned NOT NULL DEFAULT '0',
  `id_lang` int(10) unsigned NOT NULL DEFAULT '0',
  `id_shop` int(11) unsigned NOT NULL DEFAULT '0',
  `counter` int(10) unsigned NOT NULL DEFAULT '0',
  PRIMARY KEY (`id_group`,`id_tag`),
  KEY `id_group` (`id_group`,`id_lang`,`id_shop`,`counter`)
) ENGINE=InnoDB DEFAULT CHARSET=utf8;

-- --------------------------------------------------------

--
-- Structure de la table `ps_tax`
--

CREATE TABLE IF NOT EXISTS `ps_tax` (
  `id_tax` int(10) unsigned NOT NULL AUTO_INCREMENT,
  `rate` decimal(10,3) NOT NULL,
  `active` tinyint(1) unsigned NOT NULL DEFAULT '1',
  `deleted` tinyint(1) unsigned NOT NULL DEFAULT '0',
  PRIMARY KEY (`id_tax`)
) ENGINE=InnoDB  DEFAULT CHARSET=utf8 AUTO_INCREMENT=33 ;

--
-- Contenu de la table `ps_tax`
--

INSERT INTO `ps_tax` (`id_tax`, `rate`, `active`, `deleted`) VALUES
(1, '20.000', 1, 0),
(2, '10.000', 1, 0),
(3, '5.500', 1, 0),
(4, '2.100', 1, 0),
(5, '20.000', 0, 0),
(6, '21.000', 0, 0),
(7, '20.000', 0, 0),
(8, '19.000', 0, 0),
(9, '21.000', 0, 0),
(10, '19.000', 0, 0),
(11, '25.000', 0, 0),
(12, '20.000', 0, 0),
(13, '21.000', 0, 0),
(14, '24.000', 0, 0),
(15, '20.000', 0, 0),
(16, '23.000', 0, 0),
(17, '25.000', 0, 0),
(18, '27.000', 0, 0),
(19, '23.000', 0, 0),
(20, '22.000', 0, 0),
(21, '21.000', 0, 0),
(22, '17.000', 0, 0),
(23, '21.000', 0, 0),
(24, '18.000', 0, 0),
(25, '21.000', 0, 0),
(26, '23.000', 0, 0),
(27, '23.000', 0, 0),
(28, '24.000', 0, 0),
(29, '25.000', 0, 0),
(30, '22.000', 0, 0),
(31, '20.000', 0, 0),
(32, '7.000', 1, 0);

-- --------------------------------------------------------

--
-- Structure de la table `ps_tax_lang`
--

CREATE TABLE IF NOT EXISTS `ps_tax_lang` (
  `id_tax` int(10) unsigned NOT NULL,
  `id_lang` int(10) unsigned NOT NULL,
  `name` varchar(32) NOT NULL,
  PRIMARY KEY (`id_tax`,`id_lang`)
) ENGINE=InnoDB DEFAULT CHARSET=utf8;

--
-- Contenu de la table `ps_tax_lang`
--

INSERT INTO `ps_tax_lang` (`id_tax`, `id_lang`, `name`) VALUES
(1, 1, 'TVA FR 20%'),
(1, 2, 'TVA FR 20%'),
(2, 1, 'TVA FR 10%'),
(2, 2, 'TVA FR 10%'),
(3, 1, 'TVA FR 5.5%'),
(3, 2, 'TVA FR 5.5%'),
(4, 1, 'TVA FR 2.1%'),
(4, 2, 'TVA FR 2.1%'),
(5, 1, 'USt. AT 20%'),
(5, 2, 'USt. AT 20%'),
(6, 1, 'TVA BE 21%'),
(6, 2, 'TVA BE 21%'),
(7, 1, 'ДДС BG 20%'),
(7, 2, 'ДДС BG 20%'),
(8, 1, 'ΦΠΑ CY 19%'),
(8, 2, 'ΦΠΑ CY 19%'),
(9, 1, 'DPH CZ 21%'),
(9, 2, 'DPH CZ 21%'),
(10, 1, 'MwSt. DE 19%'),
(10, 2, 'MwSt. DE 19%'),
(11, 1, 'moms DK 25%'),
(11, 2, 'moms DK 25%'),
(12, 1, 'km EE 20%'),
(12, 2, 'km EE 20%'),
(13, 1, 'IVA ES 21%'),
(13, 2, 'IVA ES 21%'),
(14, 1, 'ALV FI 24%'),
(14, 2, 'ALV FI 24%'),
(15, 1, 'VAT UK 20%'),
(15, 2, 'VAT UK 20%'),
(16, 1, 'ΦΠΑ GR 23%'),
(16, 2, 'ΦΠΑ GR 23%'),
(17, 1, 'Croatia PDV 25%'),
(17, 2, 'Croatia PDV 25%'),
(18, 1, 'ÁFA HU 27%'),
(18, 2, 'ÁFA HU 27%'),
(19, 1, 'VAT IE 23%'),
(19, 2, 'VAT IE 23%'),
(20, 1, 'IVA IT 22%'),
(20, 2, 'IVA IT 22%'),
(21, 1, 'PVM LT 21%'),
(21, 2, 'PVM LT 21%'),
(22, 1, 'TVA LU 17%'),
(22, 2, 'TVA LU 17%'),
(23, 1, 'PVN LV 21%'),
(23, 2, 'PVN LV 21%'),
(24, 1, 'VAT MT 18%'),
(24, 2, 'VAT MT 18%'),
(25, 1, 'BTW NL 21%'),
(25, 2, 'BTW NL 21%'),
(26, 1, 'PTU PL 23%'),
(26, 2, 'PTU PL 23%'),
(27, 1, 'IVA PT 23%'),
(27, 2, 'IVA PT 23%'),
(28, 1, 'TVA RO 24%'),
(28, 2, 'TVA RO 24%'),
(29, 1, 'Moms SE 25%'),
(29, 2, 'Moms SE 25%'),
(30, 1, 'DDV SI 22%'),
(30, 2, 'DDV SI 22%'),
(31, 1, 'DPH SK 20%'),
(31, 2, 'DPH SK 20%'),
(32, 1, 'TVA FR 7%'),
(32, 2, 'TVA FR 7%');

-- --------------------------------------------------------

--
-- Structure de la table `ps_tax_rule`
--

CREATE TABLE IF NOT EXISTS `ps_tax_rule` (
  `id_tax_rule` int(11) NOT NULL AUTO_INCREMENT,
  `id_tax_rules_group` int(11) NOT NULL,
  `id_country` int(11) NOT NULL,
  `id_state` int(11) NOT NULL,
  `zipcode_from` varchar(12) NOT NULL,
  `zipcode_to` varchar(12) NOT NULL,
  `id_tax` int(11) NOT NULL,
  `behavior` int(11) NOT NULL,
  `description` varchar(100) NOT NULL,
  PRIMARY KEY (`id_tax_rule`),
  KEY `id_tax_rules_group` (`id_tax_rules_group`),
  KEY `id_tax` (`id_tax`),
  KEY `category_getproducts` (`id_tax_rules_group`,`id_country`,`id_state`,`zipcode_from`)
) ENGINE=InnoDB  DEFAULT CHARSET=utf8 AUTO_INCREMENT=377 ;

--
-- Contenu de la table `ps_tax_rule`
--

INSERT INTO `ps_tax_rule` (`id_tax_rule`, `id_tax_rules_group`, `id_country`, `id_state`, `zipcode_from`, `zipcode_to`, `id_tax`, `behavior`, `description`) VALUES
(1, 1, 3, 0, '0', '0', 1, 0, ''),
(2, 1, 236, 0, '0', '0', 1, 0, ''),
(3, 1, 16, 0, '0', '0', 1, 0, ''),
(4, 1, 20, 0, '0', '0', 1, 0, ''),
(5, 1, 1, 0, '0', '0', 1, 0, ''),
(6, 1, 86, 0, '0', '0', 1, 0, ''),
(7, 1, 9, 0, '0', '0', 1, 0, ''),
(8, 1, 6, 0, '0', '0', 1, 0, ''),
(9, 1, 8, 0, '0', '0', 1, 0, ''),
(10, 1, 26, 0, '0', '0', 1, 0, ''),
(11, 1, 10, 0, '0', '0', 1, 0, ''),
(12, 1, 76, 0, '0', '0', 1, 0, ''),
(13, 1, 125, 0, '0', '0', 1, 0, ''),
(14, 1, 131, 0, '0', '0', 1, 0, ''),
(15, 1, 12, 0, '0', '0', 1, 0, ''),
(16, 1, 143, 0, '0', '0', 1, 0, ''),
(17, 1, 139, 0, '0', '0', 1, 0, ''),
(18, 1, 13, 0, '0', '0', 1, 0, ''),
(19, 1, 2, 0, '0', '0', 1, 0, ''),
(20, 1, 14, 0, '0', '0', 1, 0, ''),
(21, 1, 15, 0, '0', '0', 1, 0, ''),
(22, 1, 36, 0, '0', '0', 1, 0, ''),
(23, 1, 193, 0, '0', '0', 1, 0, ''),
(24, 1, 37, 0, '0', '0', 1, 0, ''),
(25, 1, 7, 0, '0', '0', 1, 0, ''),
(26, 1, 18, 0, '0', '0', 1, 0, ''),
(27, 2, 3, 0, '0', '0', 2, 0, ''),
(28, 2, 236, 0, '0', '0', 2, 0, ''),
(29, 2, 16, 0, '0', '0', 2, 0, ''),
(30, 2, 20, 0, '0', '0', 2, 0, ''),
(31, 2, 1, 0, '0', '0', 2, 0, ''),
(32, 2, 86, 0, '0', '0', 2, 0, ''),
(33, 2, 9, 0, '0', '0', 2, 0, ''),
(34, 2, 6, 0, '0', '0', 2, 0, ''),
(35, 2, 8, 0, '0', '0', 2, 0, ''),
(36, 2, 26, 0, '0', '0', 2, 0, ''),
(37, 2, 10, 0, '0', '0', 2, 0, ''),
(38, 2, 76, 0, '0', '0', 2, 0, ''),
(39, 2, 125, 0, '0', '0', 2, 0, ''),
(40, 2, 131, 0, '0', '0', 2, 0, ''),
(41, 2, 12, 0, '0', '0', 2, 0, ''),
(42, 2, 143, 0, '0', '0', 2, 0, ''),
(43, 2, 139, 0, '0', '0', 2, 0, ''),
(44, 2, 13, 0, '0', '0', 2, 0, ''),
(45, 2, 2, 0, '0', '0', 2, 0, ''),
(46, 2, 14, 0, '0', '0', 2, 0, ''),
(47, 2, 15, 0, '0', '0', 2, 0, ''),
(48, 2, 36, 0, '0', '0', 2, 0, ''),
(49, 2, 193, 0, '0', '0', 2, 0, ''),
(50, 2, 37, 0, '0', '0', 2, 0, ''),
(51, 2, 7, 0, '0', '0', 2, 0, ''),
(52, 2, 18, 0, '0', '0', 2, 0, ''),
(53, 3, 3, 0, '0', '0', 3, 0, ''),
(54, 3, 236, 0, '0', '0', 3, 0, ''),
(55, 3, 16, 0, '0', '0', 3, 0, ''),
(56, 3, 20, 0, '0', '0', 3, 0, ''),
(57, 3, 1, 0, '0', '0', 3, 0, ''),
(58, 3, 86, 0, '0', '0', 3, 0, ''),
(59, 3, 9, 0, '0', '0', 3, 0, ''),
(60, 3, 6, 0, '0', '0', 3, 0, ''),
(61, 3, 8, 0, '0', '0', 3, 0, ''),
(62, 3, 26, 0, '0', '0', 3, 0, ''),
(63, 3, 10, 0, '0', '0', 3, 0, ''),
(64, 3, 76, 0, '0', '0', 3, 0, ''),
(65, 3, 125, 0, '0', '0', 3, 0, ''),
(66, 3, 131, 0, '0', '0', 3, 0, ''),
(67, 3, 12, 0, '0', '0', 3, 0, ''),
(68, 3, 143, 0, '0', '0', 3, 0, ''),
(69, 3, 139, 0, '0', '0', 3, 0, ''),
(70, 3, 13, 0, '0', '0', 3, 0, ''),
(71, 3, 2, 0, '0', '0', 3, 0, ''),
(72, 3, 14, 0, '0', '0', 3, 0, ''),
(73, 3, 15, 0, '0', '0', 3, 0, ''),
(74, 3, 36, 0, '0', '0', 3, 0, ''),
(75, 3, 193, 0, '0', '0', 3, 0, ''),
(76, 3, 37, 0, '0', '0', 3, 0, ''),
(77, 3, 7, 0, '0', '0', 3, 0, ''),
(78, 3, 18, 0, '0', '0', 3, 0, ''),
(79, 4, 3, 0, '0', '0', 4, 0, ''),
(80, 4, 236, 0, '0', '0', 4, 0, ''),
(81, 4, 16, 0, '0', '0', 4, 0, ''),
(82, 4, 20, 0, '0', '0', 4, 0, ''),
(83, 4, 1, 0, '0', '0', 4, 0, ''),
(84, 4, 86, 0, '0', '0', 4, 0, ''),
(85, 4, 9, 0, '0', '0', 4, 0, ''),
(86, 4, 6, 0, '0', '0', 4, 0, ''),
(87, 4, 8, 0, '0', '0', 4, 0, ''),
(88, 4, 26, 0, '0', '0', 4, 0, ''),
(89, 4, 10, 0, '0', '0', 4, 0, ''),
(90, 4, 76, 0, '0', '0', 4, 0, ''),
(91, 4, 125, 0, '0', '0', 4, 0, ''),
(92, 4, 131, 0, '0', '0', 4, 0, ''),
(93, 4, 12, 0, '0', '0', 4, 0, ''),
(94, 4, 143, 0, '0', '0', 4, 0, ''),
(95, 4, 139, 0, '0', '0', 4, 0, ''),
(96, 4, 13, 0, '0', '0', 4, 0, ''),
(97, 4, 2, 0, '0', '0', 4, 0, ''),
(98, 4, 14, 0, '0', '0', 4, 0, ''),
(99, 4, 15, 0, '0', '0', 4, 0, ''),
(100, 4, 36, 0, '0', '0', 4, 0, ''),
(101, 4, 193, 0, '0', '0', 4, 0, ''),
(102, 4, 37, 0, '0', '0', 4, 0, ''),
(103, 4, 7, 0, '0', '0', 4, 0, ''),
(104, 4, 18, 0, '0', '0', 4, 0, ''),
(105, 5, 8, 0, '0', '0', 1, 0, ''),
(133, 6, 231, 0, '0', '0', 32, 0, ''),
(134, 6, 30, 0, '0', '0', 32, 0, ''),
(135, 6, 244, 0, '0', '0', 32, 0, ''),
(136, 6, 230, 0, '0', '0', 32, 0, ''),
(137, 6, 38, 0, '0', '0', 32, 0, ''),
(138, 6, 1, 0, '0', '0', 32, 0, ''),
(139, 6, 40, 0, '0', '0', 32, 0, ''),
(140, 6, 41, 0, '0', '0', 32, 0, ''),
(141, 6, 42, 0, '0', '0', 32, 0, ''),
(142, 6, 232, 0, '0', '0', 32, 0, ''),
(143, 6, 43, 0, '0', '0', 32, 0, ''),
(144, 6, 157, 0, '0', '0', 32, 0, ''),
(145, 6, 188, 0, '0', '0', 32, 0, ''),
(146, 6, 44, 0, '0', '0', 32, 0, ''),
(147, 6, 45, 0, '0', '0', 32, 0, ''),
(148, 6, 46, 0, '0', '0', 32, 0, ''),
(149, 6, 24, 0, '0', '0', 32, 0, ''),
(150, 6, 2, 0, '0', '0', 32, 0, ''),
(151, 6, 47, 0, '0', '0', 32, 0, ''),
(152, 6, 48, 0, '0', '0', 32, 0, ''),
(153, 6, 49, 0, '0', '0', 32, 0, ''),
(154, 6, 50, 0, '0', '0', 32, 0, ''),
(155, 6, 51, 0, '0', '0', 32, 0, ''),
(156, 6, 52, 0, '0', '0', 32, 0, ''),
(157, 6, 3, 0, '0', '0', 32, 0, ''),
(158, 6, 53, 0, '0', '0', 32, 0, ''),
(159, 6, 54, 0, '0', '0', 32, 0, ''),
(160, 6, 55, 0, '0', '0', 32, 0, ''),
(161, 6, 56, 0, '0', '0', 32, 0, ''),
(162, 6, 34, 0, '0', '0', 32, 0, ''),
(163, 6, 233, 0, '0', '0', 32, 0, ''),
(164, 6, 57, 0, '0', '0', 32, 0, ''),
(165, 6, 234, 0, '0', '0', 32, 0, ''),
(166, 6, 58, 0, '0', '0', 32, 0, ''),
(167, 6, 59, 0, '0', '0', 32, 0, ''),
(168, 6, 236, 0, '0', '0', 32, 0, ''),
(169, 6, 60, 0, '0', '0', 32, 0, ''),
(170, 6, 61, 0, '0', '0', 32, 0, ''),
(171, 6, 62, 0, '0', '0', 32, 0, ''),
(172, 6, 237, 0, '0', '0', 32, 0, ''),
(173, 6, 63, 0, '0', '0', 32, 0, ''),
(174, 6, 64, 0, '0', '0', 32, 0, ''),
(175, 6, 4, 0, '0', '0', 32, 0, ''),
(176, 6, 65, 0, '0', '0', 32, 0, ''),
(177, 6, 66, 0, '0', '0', 32, 0, ''),
(178, 6, 68, 0, '0', '0', 32, 0, ''),
(179, 6, 5, 0, '0', '0', 32, 0, ''),
(180, 6, 238, 0, '0', '0', 32, 0, ''),
(181, 6, 76, 0, '0', '0', 32, 0, ''),
(182, 6, 239, 0, '0', '0', 32, 0, ''),
(183, 6, 69, 0, '0', '0', 32, 0, ''),
(184, 6, 70, 0, '0', '0', 32, 0, ''),
(185, 6, 72, 0, '0', '0', 32, 0, ''),
(186, 6, 71, 0, '0', '0', 32, 0, ''),
(187, 6, 240, 0, '0', '0', 32, 0, ''),
(188, 6, 28, 0, '0', '0', 32, 0, ''),
(189, 6, 121, 0, '0', '0', 32, 0, ''),
(190, 6, 73, 0, '0', '0', 32, 0, ''),
(191, 6, 32, 0, '0', '0', 32, 0, ''),
(192, 6, 74, 0, '0', '0', 32, 0, ''),
(193, 6, 75, 0, '0', '0', 32, 0, ''),
(194, 6, 20, 0, '0', '0', 32, 0, ''),
(195, 6, 77, 0, '0', '0', 32, 0, ''),
(196, 6, 78, 0, '0', '0', 32, 0, ''),
(197, 6, 82, 0, '0', '0', 32, 0, ''),
(198, 6, 83, 0, '0', '0', 32, 0, ''),
(199, 6, 217, 0, '0', '0', 32, 0, ''),
(200, 6, 81, 0, '0', '0', 32, 0, ''),
(201, 6, 85, 0, '0', '0', 32, 0, ''),
(202, 6, 6, 0, '0', '0', 32, 0, ''),
(203, 6, 86, 0, '0', '0', 32, 0, ''),
(204, 6, 21, 0, '0', '0', 32, 0, ''),
(205, 6, 87, 0, '0', '0', 32, 0, ''),
(206, 6, 88, 0, '0', '0', 32, 0, ''),
(207, 6, 89, 0, '0', '0', 32, 0, ''),
(208, 6, 90, 0, '0', '0', 32, 0, ''),
(209, 6, 7, 0, '0', '0', 32, 0, ''),
(210, 6, 8, 0, '0', '0', 32, 0, ''),
(211, 6, 91, 0, '0', '0', 32, 0, ''),
(212, 6, 92, 0, '0', '0', 32, 0, ''),
(213, 6, 93, 0, '0', '0', 32, 0, ''),
(214, 6, 196, 0, '0', '0', 32, 0, ''),
(215, 6, 94, 0, '0', '0', 32, 0, ''),
(216, 6, 97, 0, '0', '0', 32, 0, ''),
(217, 6, 9, 0, '0', '0', 32, 0, ''),
(218, 6, 95, 0, '0', '0', 32, 0, ''),
(219, 6, 96, 0, '0', '0', 32, 0, ''),
(220, 6, 98, 0, '0', '0', 32, 0, ''),
(221, 6, 99, 0, '0', '0', 32, 0, ''),
(222, 6, 100, 0, '0', '0', 32, 0, ''),
(223, 6, 101, 0, '0', '0', 32, 0, ''),
(224, 6, 102, 0, '0', '0', 32, 0, ''),
(225, 6, 84, 0, '0', '0', 32, 0, ''),
(226, 6, 103, 0, '0', '0', 32, 0, ''),
(227, 6, 104, 0, '0', '0', 32, 0, ''),
(228, 6, 241, 0, '0', '0', 32, 0, ''),
(229, 6, 105, 0, '0', '0', 32, 0, ''),
(230, 6, 106, 0, '0', '0', 32, 0, ''),
(231, 6, 108, 0, '0', '0', 32, 0, ''),
(232, 6, 22, 0, '0', '0', 32, 0, ''),
(233, 6, 143, 0, '0', '0', 32, 0, ''),
(234, 6, 35, 0, '0', '0', 32, 0, ''),
(235, 6, 223, 0, '0', '0', 32, 0, ''),
(236, 6, 224, 0, '0', '0', 32, 0, ''),
(237, 6, 110, 0, '0', '0', 32, 0, ''),
(238, 6, 111, 0, '0', '0', 32, 0, ''),
(239, 6, 112, 0, '0', '0', 32, 0, ''),
(240, 6, 113, 0, '0', '0', 32, 0, ''),
(241, 6, 26, 0, '0', '0', 32, 0, ''),
(242, 6, 109, 0, '0', '0', 32, 0, ''),
(243, 6, 29, 0, '0', '0', 32, 0, ''),
(244, 6, 10, 0, '0', '0', 32, 0, ''),
(245, 6, 115, 0, '0', '0', 32, 0, ''),
(246, 6, 11, 0, '0', '0', 32, 0, ''),
(247, 6, 116, 0, '0', '0', 32, 0, ''),
(248, 6, 117, 0, '0', '0', 32, 0, ''),
(249, 6, 118, 0, '0', '0', 32, 0, ''),
(250, 6, 119, 0, '0', '0', 32, 0, ''),
(251, 6, 123, 0, '0', '0', 32, 0, ''),
(252, 6, 120, 0, '0', '0', 32, 0, ''),
(253, 6, 122, 0, '0', '0', 32, 0, ''),
(254, 6, 124, 0, '0', '0', 32, 0, ''),
(255, 6, 127, 0, '0', '0', 32, 0, ''),
(256, 6, 125, 0, '0', '0', 32, 0, ''),
(257, 6, 126, 0, '0', '0', 32, 0, ''),
(258, 6, 128, 0, '0', '0', 32, 0, ''),
(259, 6, 129, 0, '0', '0', 32, 0, ''),
(260, 6, 130, 0, '0', '0', 32, 0, ''),
(261, 6, 131, 0, '0', '0', 32, 0, ''),
(262, 6, 12, 0, '0', '0', 32, 0, ''),
(263, 6, 132, 0, '0', '0', 32, 0, ''),
(264, 6, 133, 0, '0', '0', 32, 0, ''),
(265, 6, 134, 0, '0', '0', 32, 0, ''),
(266, 6, 136, 0, '0', '0', 32, 0, ''),
(267, 6, 135, 0, '0', '0', 32, 0, ''),
(268, 6, 137, 0, '0', '0', 32, 0, ''),
(269, 6, 138, 0, '0', '0', 32, 0, ''),
(270, 6, 139, 0, '0', '0', 32, 0, ''),
(271, 6, 114, 0, '0', '0', 32, 0, ''),
(272, 6, 163, 0, '0', '0', 32, 0, ''),
(273, 6, 152, 0, '0', '0', 32, 0, ''),
(274, 6, 140, 0, '0', '0', 32, 0, ''),
(275, 6, 141, 0, '0', '0', 32, 0, ''),
(276, 6, 142, 0, '0', '0', 32, 0, ''),
(277, 6, 144, 0, '0', '0', 32, 0, ''),
(278, 6, 145, 0, '0', '0', 32, 0, ''),
(279, 6, 146, 0, '0', '0', 32, 0, ''),
(280, 6, 147, 0, '0', '0', 32, 0, ''),
(281, 6, 148, 0, '0', '0', 32, 0, ''),
(282, 6, 149, 0, '0', '0', 32, 0, ''),
(283, 6, 150, 0, '0', '0', 32, 0, ''),
(284, 6, 151, 0, '0', '0', 32, 0, ''),
(285, 6, 153, 0, '0', '0', 32, 0, ''),
(286, 6, 154, 0, '0', '0', 32, 0, ''),
(287, 6, 155, 0, '0', '0', 32, 0, ''),
(288, 6, 156, 0, '0', '0', 32, 0, ''),
(289, 6, 159, 0, '0', '0', 32, 0, ''),
(290, 6, 160, 0, '0', '0', 32, 0, ''),
(291, 6, 31, 0, '0', '0', 32, 0, ''),
(292, 6, 161, 0, '0', '0', 32, 0, ''),
(293, 6, 162, 0, '0', '0', 32, 0, ''),
(294, 6, 23, 0, '0', '0', 32, 0, ''),
(295, 6, 158, 0, '0', '0', 32, 0, ''),
(296, 6, 27, 0, '0', '0', 32, 0, ''),
(297, 6, 235, 0, '0', '0', 32, 0, ''),
(298, 6, 164, 0, '0', '0', 32, 0, ''),
(299, 6, 215, 0, '0', '0', 32, 0, ''),
(300, 6, 219, 0, '0', '0', 32, 0, ''),
(301, 6, 165, 0, '0', '0', 32, 0, ''),
(302, 6, 166, 0, '0', '0', 32, 0, ''),
(303, 6, 167, 0, '0', '0', 32, 0, ''),
(304, 6, 168, 0, '0', '0', 32, 0, ''),
(305, 6, 169, 0, '0', '0', 32, 0, ''),
(306, 6, 170, 0, '0', '0', 32, 0, ''),
(307, 6, 13, 0, '0', '0', 32, 0, ''),
(308, 6, 171, 0, '0', '0', 32, 0, ''),
(309, 6, 172, 0, '0', '0', 32, 0, ''),
(310, 6, 173, 0, '0', '0', 32, 0, ''),
(311, 6, 14, 0, '0', '0', 32, 0, ''),
(312, 6, 242, 0, '0', '0', 32, 0, ''),
(313, 6, 174, 0, '0', '0', 32, 0, ''),
(314, 6, 15, 0, '0', '0', 32, 0, ''),
(315, 6, 175, 0, '0', '0', 32, 0, ''),
(316, 6, 79, 0, '0', '0', 32, 0, ''),
(317, 6, 16, 0, '0', '0', 32, 0, ''),
(318, 6, 176, 0, '0', '0', 32, 0, ''),
(319, 6, 36, 0, '0', '0', 32, 0, ''),
(320, 6, 17, 0, '0', '0', 32, 0, ''),
(321, 6, 177, 0, '0', '0', 32, 0, ''),
(322, 6, 178, 0, '0', '0', 32, 0, ''),
(323, 6, 226, 0, '0', '0', 32, 0, ''),
(324, 6, 179, 0, '0', '0', 32, 0, ''),
(325, 6, 180, 0, '0', '0', 32, 0, ''),
(326, 6, 186, 0, '0', '0', 32, 0, ''),
(327, 6, 182, 0, '0', '0', 32, 0, ''),
(328, 6, 183, 0, '0', '0', 32, 0, ''),
(329, 6, 107, 0, '0', '0', 32, 0, ''),
(330, 6, 184, 0, '0', '0', 32, 0, ''),
(331, 6, 181, 0, '0', '0', 32, 0, ''),
(332, 6, 194, 0, '0', '0', 32, 0, ''),
(333, 6, 185, 0, '0', '0', 32, 0, ''),
(334, 6, 39, 0, '0', '0', 32, 0, ''),
(335, 6, 187, 0, '0', '0', 32, 0, ''),
(336, 6, 189, 0, '0', '0', 32, 0, ''),
(337, 6, 190, 0, '0', '0', 32, 0, ''),
(338, 6, 191, 0, '0', '0', 32, 0, ''),
(339, 6, 192, 0, '0', '0', 32, 0, ''),
(340, 6, 25, 0, '0', '0', 32, 0, ''),
(341, 6, 37, 0, '0', '0', 32, 0, ''),
(342, 6, 193, 0, '0', '0', 32, 0, ''),
(343, 6, 195, 0, '0', '0', 32, 0, ''),
(344, 6, 198, 0, '0', '0', 32, 0, ''),
(345, 6, 197, 0, '0', '0', 32, 0, ''),
(346, 6, 18, 0, '0', '0', 32, 0, ''),
(347, 6, 19, 0, '0', '0', 32, 0, ''),
(348, 6, 199, 0, '0', '0', 32, 0, ''),
(349, 6, 200, 0, '0', '0', 32, 0, ''),
(350, 6, 201, 0, '0', '0', 32, 0, ''),
(351, 6, 202, 0, '0', '0', 32, 0, ''),
(352, 6, 204, 0, '0', '0', 32, 0, ''),
(353, 6, 203, 0, '0', '0', 32, 0, ''),
(354, 6, 205, 0, '0', '0', 32, 0, ''),
(355, 6, 67, 0, '0', '0', 32, 0, ''),
(356, 6, 243, 0, '0', '0', 32, 0, ''),
(357, 6, 206, 0, '0', '0', 32, 0, ''),
(358, 6, 80, 0, '0', '0', 32, 0, ''),
(359, 6, 33, 0, '0', '0', 32, 0, ''),
(360, 6, 207, 0, '0', '0', 32, 0, ''),
(361, 6, 208, 0, '0', '0', 32, 0, ''),
(362, 6, 209, 0, '0', '0', 32, 0, ''),
(363, 6, 210, 0, '0', '0', 32, 0, ''),
(364, 6, 212, 0, '0', '0', 32, 0, ''),
(365, 6, 213, 0, '0', '0', 32, 0, ''),
(366, 6, 211, 0, '0', '0', 32, 0, ''),
(367, 6, 214, 0, '0', '0', 32, 0, ''),
(368, 6, 216, 0, '0', '0', 32, 0, ''),
(369, 6, 218, 0, '0', '0', 32, 0, ''),
(370, 6, 220, 0, '0', '0', 32, 0, ''),
(371, 6, 221, 0, '0', '0', 32, 0, ''),
(372, 6, 222, 0, '0', '0', 32, 0, ''),
(373, 6, 225, 0, '0', '0', 32, 0, ''),
(374, 6, 227, 0, '0', '0', 32, 0, ''),
(375, 6, 228, 0, '0', '0', 32, 0, ''),
(376, 6, 229, 0, '0', '0', 32, 0, '');

-- --------------------------------------------------------

--
-- Structure de la table `ps_tax_rules_group`
--

CREATE TABLE IF NOT EXISTS `ps_tax_rules_group` (
  `id_tax_rules_group` int(11) NOT NULL AUTO_INCREMENT,
  `name` varchar(50) NOT NULL,
  `active` int(11) NOT NULL,
  `deleted` tinyint(1) unsigned NOT NULL,
  `date_add` datetime NOT NULL,
  `date_upd` datetime NOT NULL,
  PRIMARY KEY (`id_tax_rules_group`)
) ENGINE=InnoDB  DEFAULT CHARSET=utf8 AUTO_INCREMENT=7 ;

--
-- Contenu de la table `ps_tax_rules_group`
--

INSERT INTO `ps_tax_rules_group` (`id_tax_rules_group`, `name`, `active`, `deleted`, `date_add`, `date_upd`) VALUES
(1, 'FR Taux standard (20%)', 1, 0, '2015-07-23 10:50:33', '2015-07-23 10:50:33'),
(2, 'FR Taux réduit (10%)', 1, 0, '2015-07-23 10:50:33', '2015-07-23 10:50:33'),
(3, 'FR Taux réduit (5.5%)', 1, 0, '2015-07-23 10:50:33', '2015-07-23 10:50:33'),
(4, 'FR Taux super réduit (2.1%)', 1, 0, '2015-07-23 10:50:33', '2015-07-23 10:50:33'),
(5, 'EU VAT For Virtual Products', 1, 0, '2015-07-23 10:50:33', '2015-07-23 10:50:33'),
(6, 'FR Taux réduit (7%)', 1, 0, '2015-07-23 11:59:44', '2015-07-23 12:00:04');

-- --------------------------------------------------------

--
-- Structure de la table `ps_tax_rules_group_shop`
--

CREATE TABLE IF NOT EXISTS `ps_tax_rules_group_shop` (
  `id_tax_rules_group` int(11) unsigned NOT NULL,
  `id_shop` int(11) unsigned NOT NULL,
  PRIMARY KEY (`id_tax_rules_group`,`id_shop`),
  KEY `id_shop` (`id_shop`)
) ENGINE=InnoDB DEFAULT CHARSET=utf8;

--
-- Contenu de la table `ps_tax_rules_group_shop`
--

INSERT INTO `ps_tax_rules_group_shop` (`id_tax_rules_group`, `id_shop`) VALUES
(1, 1),
(2, 1),
(3, 1),
(4, 1),
(5, 1),
(6, 1);

-- --------------------------------------------------------

--
-- Structure de la table `ps_testimonials`
--

CREATE TABLE IF NOT EXISTS `ps_testimonials` (
  `testimonial_id` int(5) NOT NULL AUTO_INCREMENT,
  `testimonial_title` varchar(64) NOT NULL DEFAULT 'My Testimonial',
  `testimonial_submitter_name` varchar(50) NOT NULL DEFAULT 'anonymous',
  `testimonial_submitter_email` varchar(50) NOT NULL DEFAULT 'anonymous@mail.com',
  `testimonial_main_message` text NOT NULL,
  `date_added` timestamp NOT NULL DEFAULT CURRENT_TIMESTAMP,
  `status` char(8) NOT NULL DEFAULT 'Disabled',
  PRIMARY KEY (`testimonial_id`)
) ENGINE=MyISAM  DEFAULT CHARSET=utf8 AUTO_INCREMENT=7 ;

--
-- Contenu de la table `ps_testimonials`
--

INSERT INTO `ps_testimonials` (`testimonial_id`, `testimonial_title`, `testimonial_submitter_name`, `testimonial_submitter_email`, `testimonial_main_message`, `date_added`, `status`) VALUES
(1, 'Magnifique !!!', 'EM', 'pas@mail.com', 'c’est tout simplement magnifique !!! Bravo et encore merci, la personne l’a reçu et est très touchée !', '2015-11-25 14:49:24', 'Enabled'),
(3, 'Excellente commande', 'PG', 'pas@mail.fr', 'Bonjour, merci pour l&#039;excellence de ma 1ère commande, sera t&#039;il possible d&#039;être livré l&#039;hôpital henry GABRIELLE début septembre pour remercier le personnel ? Merci beaucoup', '2015-07-22 12:01:10', 'Enabled'),
(2, 'Bouquet bonbons', 'CL', 'pas@email.com', 'Je vous remercie pour avoir livrer un bouquet de bonbons à Lyon… bouquet encore plus beau que celui que j’ai choisi dans le magasin. La personne qui l’a reçu a été réellement bluffée par la beauté du bouquet. Je voulais vous dire que vous avez beaucoup de talent et de goût et ce que vous faites est très très beau...', '2015-11-11 14:48:45', 'Enabled'),
(4, 'Cadeau original', 'CR', 'pas@mail.fr', 'Une élève m&#039;en a offert de chez vous à Noël… trop bon !', '2015-08-05 12:02:33', 'Enabled'),
(5, 'Décoration mariage', 'DR', 'pas@email.com', 'Tout ça pour vous dire que le mariage à eu lieu en 2010 et que les invités ont été tellement surpris qu&#039;ils en parlent encore aujourd&#039;hui... un grand merci à vous...', '2014-07-20 12:04:15', 'Disabled'),
(6, 'idée cadeau', 'LP', 'pas@email.com', 'A découvrir et à goûter de toute urgence, ils livrent même c&#039;est génial et c&#039;est une super idée de cadeau quand vous êtes invités...', '2014-07-02 12:04:53', 'Disabled');

-- --------------------------------------------------------

--
-- Structure de la table `ps_theme`
--

CREATE TABLE IF NOT EXISTS `ps_theme` (
  `id_theme` int(11) NOT NULL AUTO_INCREMENT,
  `name` varchar(64) NOT NULL,
  `directory` varchar(64) NOT NULL,
  `responsive` tinyint(1) NOT NULL DEFAULT '0',
  `default_left_column` tinyint(1) NOT NULL DEFAULT '0',
  `default_right_column` tinyint(1) NOT NULL DEFAULT '0',
  `product_per_page` int(10) unsigned NOT NULL,
  PRIMARY KEY (`id_theme`)
) ENGINE=InnoDB  DEFAULT CHARSET=utf8 AUTO_INCREMENT=4 ;

--
-- Contenu de la table `ps_theme`
--

INSERT INTO `ps_theme` (`id_theme`, `name`, `directory`, `responsive`, `default_left_column`, `default_right_column`, `product_per_page`) VALUES
(1, 'default-bootstrap', 'default-bootstrap', 1, 1, 0, 12),
(2, 'alysum', 'alysum', 0, 1, 1, 12),
(3, 'BuyShopTheme', 'buyshop', 0, 1, 1, 12);

-- --------------------------------------------------------

--
-- Structure de la table `ps_themeconfigurator`
--

CREATE TABLE IF NOT EXISTS `ps_themeconfigurator` (
  `id_item` int(10) unsigned NOT NULL AUTO_INCREMENT,
  `id_shop` int(10) unsigned NOT NULL,
  `id_lang` int(10) unsigned NOT NULL,
  `item_order` int(10) unsigned NOT NULL,
  `title` varchar(100) DEFAULT NULL,
  `title_use` tinyint(1) unsigned NOT NULL DEFAULT '0',
  `hook` varchar(100) DEFAULT NULL,
  `url` text,
  `target` tinyint(1) unsigned NOT NULL DEFAULT '0',
  `image` varchar(100) DEFAULT NULL,
  `image_w` varchar(10) DEFAULT NULL,
  `image_h` varchar(10) DEFAULT NULL,
  `html` text,
  `active` tinyint(1) unsigned NOT NULL DEFAULT '1',
  PRIMARY KEY (`id_item`)
) ENGINE=InnoDB  DEFAULT CHARSET=utf8 AUTO_INCREMENT=8 ;

--
-- Contenu de la table `ps_themeconfigurator`
--

INSERT INTO `ps_themeconfigurator` (`id_item`, `id_shop`, `id_lang`, `item_order`, `title`, `title_use`, `hook`, `url`, `target`, `image`, `image_w`, `image_h`, `html`, `active`) VALUES
(1, 1, 1, 1, '', 0, 'home', 'http://www.prestashop.com/', 0, 'banner-img1.jpg', '383', '267', '', 1),
(2, 1, 1, 2, '', 0, 'home', 'http://www.prestashop.com/', 0, 'banner-img2.jpg', '383', '267', '', 1),
(3, 1, 1, 3, '', 0, 'home', 'http://www.prestashop.com/', 0, 'banner-img3.jpg', '383', '267', '', 1),
(4, 1, 1, 4, '', 0, 'home', 'http://www.prestashop.com/', 0, 'banner-img4.jpg', '383', '142', '', 1),
(5, 1, 1, 5, '', 0, 'home', 'http://www.prestashop.com/', 0, 'banner-img5.jpg', '777', '142', '', 1),
(6, 1, 1, 6, '', 0, 'top', 'http://www.prestashop.com/', 0, 'banner-img6.jpg', '381', '219', '', 1),
(7, 1, 1, 7, '', 0, 'top', 'http://www.prestashop.com/', 0, 'banner-img7.jpg', '381', '219', '', 1);

-- --------------------------------------------------------

--
-- Structure de la table `ps_theme_meta`
--

CREATE TABLE IF NOT EXISTS `ps_theme_meta` (
  `id_theme_meta` int(11) NOT NULL AUTO_INCREMENT,
  `id_theme` int(11) NOT NULL,
  `id_meta` int(10) unsigned NOT NULL,
  `left_column` tinyint(1) NOT NULL DEFAULT '1',
  `right_column` tinyint(1) NOT NULL DEFAULT '1',
  PRIMARY KEY (`id_theme_meta`),
  UNIQUE KEY `id_theme_2` (`id_theme`,`id_meta`),
  KEY `id_theme` (`id_theme`),
  KEY `id_meta` (`id_meta`)
) ENGINE=InnoDB  DEFAULT CHARSET=utf8 AUTO_INCREMENT=115 ;

--
-- Contenu de la table `ps_theme_meta`
--

INSERT INTO `ps_theme_meta` (`id_theme_meta`, `id_theme`, `id_meta`, `left_column`, `right_column`) VALUES
(1, 1, 1, 0, 0),
(2, 1, 2, 1, 0),
(3, 1, 3, 0, 0),
(4, 1, 4, 0, 0),
(5, 1, 5, 1, 0),
(6, 1, 6, 1, 0),
(7, 1, 7, 0, 0),
(8, 1, 8, 1, 0),
(9, 1, 9, 1, 0),
(10, 1, 10, 0, 0),
(11, 1, 11, 0, 0),
(12, 1, 12, 0, 0),
(13, 1, 13, 0, 0),
(14, 1, 14, 0, 0),
(15, 1, 15, 0, 0),
(16, 1, 16, 0, 0),
(17, 1, 17, 0, 0),
(18, 1, 18, 0, 0),
(19, 1, 19, 0, 0),
(20, 1, 20, 0, 0),
(21, 1, 21, 0, 0),
(22, 1, 22, 1, 0),
(23, 1, 23, 0, 0),
(24, 1, 24, 0, 0),
(25, 1, 25, 0, 0),
(26, 1, 26, 0, 0),
(27, 1, 28, 1, 0),
(28, 1, 29, 0, 0),
(29, 1, 27, 0, 0),
(30, 1, 30, 0, 0),
(31, 1, 31, 0, 0),
(32, 1, 32, 0, 0),
(33, 1, 33, 0, 0),
(34, 1, 34, 0, 0),
(35, 1, 36, 1, 0),
(36, 1, 37, 1, 0),
(37, 1, 38, 1, 0),
(38, 1, 39, 1, 0),
(39, 2, 1, 1, 1),
(40, 2, 2, 1, 1),
(41, 2, 3, 1, 1),
(42, 2, 4, 1, 1),
(43, 2, 5, 1, 1),
(44, 2, 6, 1, 1),
(45, 2, 7, 1, 1),
(46, 2, 8, 1, 1),
(47, 2, 9, 1, 1),
(48, 2, 10, 1, 1),
(49, 2, 11, 1, 1),
(50, 2, 12, 1, 1),
(51, 2, 13, 1, 1),
(52, 2, 14, 1, 1),
(53, 2, 15, 1, 1),
(54, 2, 16, 1, 1),
(55, 2, 17, 1, 1),
(56, 2, 18, 1, 1),
(57, 2, 19, 1, 1),
(58, 2, 20, 1, 1),
(59, 2, 21, 1, 1),
(60, 2, 22, 1, 1),
(61, 2, 23, 1, 1),
(62, 2, 24, 1, 1),
(63, 2, 25, 1, 1),
(64, 2, 27, 1, 1),
(65, 2, 28, 1, 1),
(66, 2, 29, 1, 1),
(67, 2, 35, 1, 1),
(68, 2, 33, 1, 1),
(69, 2, 32, 1, 1),
(70, 2, 31, 1, 1),
(71, 2, 30, 1, 1),
(72, 2, 36, 1, 1),
(73, 2, 37, 1, 1),
(74, 2, 38, 1, 1),
(75, 2, 34, 1, 1),
(76, 2, 39, 1, 1),
(77, 2, 26, 1, 1),
(78, 3, 1, 1, 1),
(79, 3, 11, 1, 1),
(80, 3, 12, 1, 1),
(81, 3, 13, 1, 1),
(82, 3, 2, 1, 1),
(83, 3, 14, 1, 1),
(84, 3, 28, 1, 1),
(85, 3, 29, 1, 1),
(86, 3, 3, 1, 1),
(87, 3, 15, 1, 1),
(88, 3, 25, 1, 1),
(89, 3, 16, 1, 1),
(90, 3, 17, 1, 1),
(91, 3, 4, 1, 1),
(92, 3, 5, 1, 1),
(93, 3, 30, 1, 1),
(94, 3, 31, 1, 1),
(95, 3, 18, 1, 1),
(96, 3, 6, 1, 1),
(97, 3, 21, 1, 1),
(98, 3, 26, 1, 1),
(99, 3, 19, 1, 1),
(100, 3, 24, 1, 1),
(101, 3, 20, 1, 1),
(102, 3, 7, 1, 1),
(103, 3, 8, 1, 1),
(104, 3, 27, 1, 1),
(105, 3, 35, 1, 1),
(106, 3, 22, 1, 1),
(107, 3, 9, 1, 1),
(108, 3, 23, 1, 1),
(109, 3, 10, 1, 1),
(110, 3, 33, 1, 1),
(111, 3, 32, 1, 1),
(112, 2, 40, 1, 1),
(113, 3, 40, 1, 1),
(114, 1, 40, 1, 0);

-- --------------------------------------------------------

--
-- Structure de la table `ps_theme_specific`
--

CREATE TABLE IF NOT EXISTS `ps_theme_specific` (
  `id_theme` int(11) unsigned NOT NULL,
  `id_shop` int(11) unsigned NOT NULL,
  `entity` int(11) unsigned NOT NULL,
  `id_object` int(11) unsigned NOT NULL,
  PRIMARY KEY (`id_theme`,`id_shop`,`entity`,`id_object`)
) ENGINE=InnoDB DEFAULT CHARSET=utf8;

-- --------------------------------------------------------

--
-- Structure de la table `ps_timezone`
--

CREATE TABLE IF NOT EXISTS `ps_timezone` (
  `id_timezone` int(10) unsigned NOT NULL AUTO_INCREMENT,
  `name` varchar(32) NOT NULL,
  PRIMARY KEY (`id_timezone`)
) ENGINE=InnoDB  DEFAULT CHARSET=utf8 AUTO_INCREMENT=561 ;

--
-- Contenu de la table `ps_timezone`
--

INSERT INTO `ps_timezone` (`id_timezone`, `name`) VALUES
(1, 'Africa/Abidjan'),
(2, 'Africa/Accra'),
(3, 'Africa/Addis_Ababa'),
(4, 'Africa/Algiers'),
(5, 'Africa/Asmara'),
(6, 'Africa/Asmera'),
(7, 'Africa/Bamako'),
(8, 'Africa/Bangui'),
(9, 'Africa/Banjul'),
(10, 'Africa/Bissau'),
(11, 'Africa/Blantyre'),
(12, 'Africa/Brazzaville'),
(13, 'Africa/Bujumbura'),
(14, 'Africa/Cairo'),
(15, 'Africa/Casablanca'),
(16, 'Africa/Ceuta'),
(17, 'Africa/Conakry'),
(18, 'Africa/Dakar'),
(19, 'Africa/Dar_es_Salaam'),
(20, 'Africa/Djibouti'),
(21, 'Africa/Douala'),
(22, 'Africa/El_Aaiun'),
(23, 'Africa/Freetown'),
(24, 'Africa/Gaborone'),
(25, 'Africa/Harare'),
(26, 'Africa/Johannesburg'),
(27, 'Africa/Kampala'),
(28, 'Africa/Khartoum'),
(29, 'Africa/Kigali'),
(30, 'Africa/Kinshasa'),
(31, 'Africa/Lagos'),
(32, 'Africa/Libreville'),
(33, 'Africa/Lome'),
(34, 'Africa/Luanda'),
(35, 'Africa/Lubumbashi'),
(36, 'Africa/Lusaka'),
(37, 'Africa/Malabo'),
(38, 'Africa/Maputo'),
(39, 'Africa/Maseru'),
(40, 'Africa/Mbabane'),
(41, 'Africa/Mogadishu'),
(42, 'Africa/Monrovia'),
(43, 'Africa/Nairobi'),
(44, 'Africa/Ndjamena'),
(45, 'Africa/Niamey'),
(46, 'Africa/Nouakchott'),
(47, 'Africa/Ouagadougou'),
(48, 'Africa/Porto-Novo'),
(49, 'Africa/Sao_Tome'),
(50, 'Africa/Timbuktu'),
(51, 'Africa/Tripoli'),
(52, 'Africa/Tunis'),
(53, 'Africa/Windhoek'),
(54, 'America/Adak'),
(55, 'America/Anchorage '),
(56, 'America/Anguilla'),
(57, 'America/Antigua'),
(58, 'America/Araguaina'),
(59, 'America/Argentina/Buenos_Aires'),
(60, 'America/Argentina/Catamarca'),
(61, 'America/Argentina/ComodRivadavia'),
(62, 'America/Argentina/Cordoba'),
(63, 'America/Argentina/Jujuy'),
(64, 'America/Argentina/La_Rioja'),
(65, 'America/Argentina/Mendoza'),
(66, 'America/Argentina/Rio_Gallegos'),
(67, 'America/Argentina/Salta'),
(68, 'America/Argentina/San_Juan'),
(69, 'America/Argentina/San_Luis'),
(70, 'America/Argentina/Tucuman'),
(71, 'America/Argentina/Ushuaia'),
(72, 'America/Aruba'),
(73, 'America/Asuncion'),
(74, 'America/Atikokan'),
(75, 'America/Atka'),
(76, 'America/Bahia'),
(77, 'America/Barbados'),
(78, 'America/Belem'),
(79, 'America/Belize'),
(80, 'America/Blanc-Sablon'),
(81, 'America/Boa_Vista'),
(82, 'America/Bogota'),
(83, 'America/Boise'),
(84, 'America/Buenos_Aires'),
(85, 'America/Cambridge_Bay'),
(86, 'America/Campo_Grande'),
(87, 'America/Cancun'),
(88, 'America/Caracas'),
(89, 'America/Catamarca'),
(90, 'America/Cayenne'),
(91, 'America/Cayman'),
(92, 'America/Chicago'),
(93, 'America/Chihuahua'),
(94, 'America/Coral_Harbour'),
(95, 'America/Cordoba'),
(96, 'America/Costa_Rica'),
(97, 'America/Cuiaba'),
(98, 'America/Curacao'),
(99, 'America/Danmarkshavn'),
(100, 'America/Dawson'),
(101, 'America/Dawson_Creek'),
(102, 'America/Denver'),
(103, 'America/Detroit'),
(104, 'America/Dominica'),
(105, 'America/Edmonton'),
(106, 'America/Eirunepe'),
(107, 'America/El_Salvador'),
(108, 'America/Ensenada'),
(109, 'America/Fort_Wayne'),
(110, 'America/Fortaleza'),
(111, 'America/Glace_Bay'),
(112, 'America/Godthab'),
(113, 'America/Goose_Bay'),
(114, 'America/Grand_Turk'),
(115, 'America/Grenada'),
(116, 'America/Guadeloupe'),
(117, 'America/Guatemala'),
(118, 'America/Guayaquil'),
(119, 'America/Guyana'),
(120, 'America/Halifax'),
(121, 'America/Havana'),
(122, 'America/Hermosillo'),
(123, 'America/Indiana/Indianapolis'),
(124, 'America/Indiana/Knox'),
(125, 'America/Indiana/Marengo'),
(126, 'America/Indiana/Petersburg'),
(127, 'America/Indiana/Tell_City'),
(128, 'America/Indiana/Vevay'),
(129, 'America/Indiana/Vincennes'),
(130, 'America/Indiana/Winamac'),
(131, 'America/Indianapolis'),
(132, 'America/Inuvik'),
(133, 'America/Iqaluit'),
(134, 'America/Jamaica'),
(135, 'America/Jujuy'),
(136, 'America/Juneau'),
(137, 'America/Kentucky/Louisville'),
(138, 'America/Kentucky/Monticello'),
(139, 'America/Knox_IN'),
(140, 'America/La_Paz'),
(141, 'America/Lima'),
(142, 'America/Los_Angeles'),
(143, 'America/Louisville'),
(144, 'America/Maceio'),
(145, 'America/Managua'),
(146, 'America/Manaus'),
(147, 'America/Marigot'),
(148, 'America/Martinique'),
(149, 'America/Mazatlan'),
(150, 'America/Mendoza'),
(151, 'America/Menominee'),
(152, 'America/Merida'),
(153, 'America/Mexico_City'),
(154, 'America/Miquelon'),
(155, 'America/Moncton'),
(156, 'America/Monterrey'),
(157, 'America/Montevideo'),
(158, 'America/Montreal'),
(159, 'America/Montserrat'),
(160, 'America/Nassau'),
(161, 'America/New_York'),
(162, 'America/Nipigon'),
(163, 'America/Nome'),
(164, 'America/Noronha'),
(165, 'America/North_Dakota/Center'),
(166, 'America/North_Dakota/New_Salem'),
(167, 'America/Panama'),
(168, 'America/Pangnirtung'),
(169, 'America/Paramaribo'),
(170, 'America/Phoenix'),
(171, 'America/Port-au-Prince'),
(172, 'America/Port_of_Spain'),
(173, 'America/Porto_Acre'),
(174, 'America/Porto_Velho'),
(175, 'America/Puerto_Rico'),
(176, 'America/Rainy_River'),
(177, 'America/Rankin_Inlet'),
(178, 'America/Recife'),
(179, 'America/Regina'),
(180, 'America/Resolute'),
(181, 'America/Rio_Branco'),
(182, 'America/Rosario'),
(183, 'America/Santarem'),
(184, 'America/Santiago'),
(185, 'America/Santo_Domingo'),
(186, 'America/Sao_Paulo'),
(187, 'America/Scoresbysund'),
(188, 'America/Shiprock'),
(189, 'America/St_Barthelemy'),
(190, 'America/St_Johns'),
(191, 'America/St_Kitts'),
(192, 'America/St_Lucia'),
(193, 'America/St_Thomas'),
(194, 'America/St_Vincent'),
(195, 'America/Swift_Current'),
(196, 'America/Tegucigalpa'),
(197, 'America/Thule'),
(198, 'America/Thunder_Bay'),
(199, 'America/Tijuana'),
(200, 'America/Toronto'),
(201, 'America/Tortola'),
(202, 'America/Vancouver'),
(203, 'America/Virgin'),
(204, 'America/Whitehorse'),
(205, 'America/Winnipeg'),
(206, 'America/Yakutat'),
(207, 'America/Yellowknife'),
(208, 'Antarctica/Casey'),
(209, 'Antarctica/Davis'),
(210, 'Antarctica/DumontDUrville'),
(211, 'Antarctica/Mawson'),
(212, 'Antarctica/McMurdo'),
(213, 'Antarctica/Palmer'),
(214, 'Antarctica/Rothera'),
(215, 'Antarctica/South_Pole'),
(216, 'Antarctica/Syowa'),
(217, 'Antarctica/Vostok'),
(218, 'Arctic/Longyearbyen'),
(219, 'Asia/Aden'),
(220, 'Asia/Almaty'),
(221, 'Asia/Amman'),
(222, 'Asia/Anadyr'),
(223, 'Asia/Aqtau'),
(224, 'Asia/Aqtobe'),
(225, 'Asia/Ashgabat'),
(226, 'Asia/Ashkhabad'),
(227, 'Asia/Baghdad'),
(228, 'Asia/Bahrain'),
(229, 'Asia/Baku'),
(230, 'Asia/Bangkok'),
(231, 'Asia/Beirut'),
(232, 'Asia/Bishkek'),
(233, 'Asia/Brunei'),
(234, 'Asia/Calcutta'),
(235, 'Asia/Choibalsan'),
(236, 'Asia/Chongqing'),
(237, 'Asia/Chungking'),
(238, 'Asia/Colombo'),
(239, 'Asia/Dacca'),
(240, 'Asia/Damascus'),
(241, 'Asia/Dhaka'),
(242, 'Asia/Dili'),
(243, 'Asia/Dubai'),
(244, 'Asia/Dushanbe'),
(245, 'Asia/Gaza'),
(246, 'Asia/Harbin'),
(247, 'Asia/Ho_Chi_Minh'),
(248, 'Asia/Hong_Kong'),
(249, 'Asia/Hovd'),
(250, 'Asia/Irkutsk'),
(251, 'Asia/Istanbul'),
(252, 'Asia/Jakarta'),
(253, 'Asia/Jayapura'),
(254, 'Asia/Jerusalem'),
(255, 'Asia/Kabul'),
(256, 'Asia/Kamchatka'),
(257, 'Asia/Karachi'),
(258, 'Asia/Kashgar'),
(259, 'Asia/Kathmandu'),
(260, 'Asia/Katmandu'),
(261, 'Asia/Kolkata'),
(262, 'Asia/Krasnoyarsk'),
(263, 'Asia/Kuala_Lumpur'),
(264, 'Asia/Kuching'),
(265, 'Asia/Kuwait'),
(266, 'Asia/Macao'),
(267, 'Asia/Macau'),
(268, 'Asia/Magadan'),
(269, 'Asia/Makassar'),
(270, 'Asia/Manila'),
(271, 'Asia/Muscat'),
(272, 'Asia/Nicosia'),
(273, 'Asia/Novosibirsk'),
(274, 'Asia/Omsk'),
(275, 'Asia/Oral'),
(276, 'Asia/Phnom_Penh'),
(277, 'Asia/Pontianak'),
(278, 'Asia/Pyongyang'),
(279, 'Asia/Qatar'),
(280, 'Asia/Qyzylorda'),
(281, 'Asia/Rangoon'),
(282, 'Asia/Riyadh'),
(283, 'Asia/Saigon'),
(284, 'Asia/Sakhalin'),
(285, 'Asia/Samarkand'),
(286, 'Asia/Seoul'),
(287, 'Asia/Shanghai'),
(288, 'Asia/Singapore'),
(289, 'Asia/Taipei'),
(290, 'Asia/Tashkent'),
(291, 'Asia/Tbilisi'),
(292, 'Asia/Tehran'),
(293, 'Asia/Tel_Aviv'),
(294, 'Asia/Thimbu'),
(295, 'Asia/Thimphu'),
(296, 'Asia/Tokyo'),
(297, 'Asia/Ujung_Pandang'),
(298, 'Asia/Ulaanbaatar'),
(299, 'Asia/Ulan_Bator'),
(300, 'Asia/Urumqi'),
(301, 'Asia/Vientiane'),
(302, 'Asia/Vladivostok'),
(303, 'Asia/Yakutsk'),
(304, 'Asia/Yekaterinburg'),
(305, 'Asia/Yerevan'),
(306, 'Atlantic/Azores'),
(307, 'Atlantic/Bermuda'),
(308, 'Atlantic/Canary'),
(309, 'Atlantic/Cape_Verde'),
(310, 'Atlantic/Faeroe'),
(311, 'Atlantic/Faroe'),
(312, 'Atlantic/Jan_Mayen'),
(313, 'Atlantic/Madeira'),
(314, 'Atlantic/Reykjavik'),
(315, 'Atlantic/South_Georgia'),
(316, 'Atlantic/St_Helena'),
(317, 'Atlantic/Stanley'),
(318, 'Australia/ACT'),
(319, 'Australia/Adelaide'),
(320, 'Australia/Brisbane'),
(321, 'Australia/Broken_Hill'),
(322, 'Australia/Canberra'),
(323, 'Australia/Currie'),
(324, 'Australia/Darwin'),
(325, 'Australia/Eucla'),
(326, 'Australia/Hobart'),
(327, 'Australia/LHI'),
(328, 'Australia/Lindeman'),
(329, 'Australia/Lord_Howe'),
(330, 'Australia/Melbourne'),
(331, 'Australia/North'),
(332, 'Australia/NSW'),
(333, 'Australia/Perth'),
(334, 'Australia/Queensland'),
(335, 'Australia/South'),
(336, 'Australia/Sydney'),
(337, 'Australia/Tasmania'),
(338, 'Australia/Victoria'),
(339, 'Australia/West'),
(340, 'Australia/Yancowinna'),
(341, 'Europe/Amsterdam'),
(342, 'Europe/Andorra'),
(343, 'Europe/Athens'),
(344, 'Europe/Belfast'),
(345, 'Europe/Belgrade'),
(346, 'Europe/Berlin'),
(347, 'Europe/Bratislava'),
(348, 'Europe/Brussels'),
(349, 'Europe/Bucharest'),
(350, 'Europe/Budapest'),
(351, 'Europe/Chisinau'),
(352, 'Europe/Copenhagen'),
(353, 'Europe/Dublin'),
(354, 'Europe/Gibraltar'),
(355, 'Europe/Guernsey'),
(356, 'Europe/Helsinki'),
(357, 'Europe/Isle_of_Man'),
(358, 'Europe/Istanbul'),
(359, 'Europe/Jersey'),
(360, 'Europe/Kaliningrad'),
(361, 'Europe/Kiev'),
(362, 'Europe/Lisbon'),
(363, 'Europe/Ljubljana'),
(364, 'Europe/London'),
(365, 'Europe/Luxembourg'),
(366, 'Europe/Madrid'),
(367, 'Europe/Malta'),
(368, 'Europe/Mariehamn'),
(369, 'Europe/Minsk'),
(370, 'Europe/Monaco'),
(371, 'Europe/Moscow'),
(372, 'Europe/Nicosia'),
(373, 'Europe/Oslo'),
(374, 'Europe/Paris'),
(375, 'Europe/Podgorica'),
(376, 'Europe/Prague'),
(377, 'Europe/Riga'),
(378, 'Europe/Rome'),
(379, 'Europe/Samara'),
(380, 'Europe/San_Marino'),
(381, 'Europe/Sarajevo'),
(382, 'Europe/Simferopol'),
(383, 'Europe/Skopje'),
(384, 'Europe/Sofia'),
(385, 'Europe/Stockholm'),
(386, 'Europe/Tallinn'),
(387, 'Europe/Tirane'),
(388, 'Europe/Tiraspol'),
(389, 'Europe/Uzhgorod'),
(390, 'Europe/Vaduz'),
(391, 'Europe/Vatican'),
(392, 'Europe/Vienna'),
(393, 'Europe/Vilnius'),
(394, 'Europe/Volgograd'),
(395, 'Europe/Warsaw'),
(396, 'Europe/Zagreb'),
(397, 'Europe/Zaporozhye'),
(398, 'Europe/Zurich'),
(399, 'Indian/Antananarivo'),
(400, 'Indian/Chagos'),
(401, 'Indian/Christmas'),
(402, 'Indian/Cocos'),
(403, 'Indian/Comoro'),
(404, 'Indian/Kerguelen'),
(405, 'Indian/Mahe'),
(406, 'Indian/Maldives'),
(407, 'Indian/Mauritius'),
(408, 'Indian/Mayotte'),
(409, 'Indian/Reunion'),
(410, 'Pacific/Apia'),
(411, 'Pacific/Auckland'),
(412, 'Pacific/Chatham'),
(413, 'Pacific/Easter'),
(414, 'Pacific/Efate'),
(415, 'Pacific/Enderbury'),
(416, 'Pacific/Fakaofo'),
(417, 'Pacific/Fiji'),
(418, 'Pacific/Funafuti'),
(419, 'Pacific/Galapagos'),
(420, 'Pacific/Gambier'),
(421, 'Pacific/Guadalcanal'),
(422, 'Pacific/Guam'),
(423, 'Pacific/Honolulu'),
(424, 'Pacific/Johnston'),
(425, 'Pacific/Kiritimati'),
(426, 'Pacific/Kosrae'),
(427, 'Pacific/Kwajalein'),
(428, 'Pacific/Majuro'),
(429, 'Pacific/Marquesas'),
(430, 'Pacific/Midway'),
(431, 'Pacific/Nauru'),
(432, 'Pacific/Niue'),
(433, 'Pacific/Norfolk'),
(434, 'Pacific/Noumea'),
(435, 'Pacific/Pago_Pago'),
(436, 'Pacific/Palau'),
(437, 'Pacific/Pitcairn'),
(438, 'Pacific/Ponape'),
(439, 'Pacific/Port_Moresby'),
(440, 'Pacific/Rarotonga'),
(441, 'Pacific/Saipan'),
(442, 'Pacific/Samoa'),
(443, 'Pacific/Tahiti'),
(444, 'Pacific/Tarawa'),
(445, 'Pacific/Tongatapu'),
(446, 'Pacific/Truk'),
(447, 'Pacific/Wake'),
(448, 'Pacific/Wallis'),
(449, 'Pacific/Yap'),
(450, 'Brazil/Acre'),
(451, 'Brazil/DeNoronha'),
(452, 'Brazil/East'),
(453, 'Brazil/West'),
(454, 'Canada/Atlantic'),
(455, 'Canada/Central'),
(456, 'Canada/East-Saskatchewan'),
(457, 'Canada/Eastern'),
(458, 'Canada/Mountain'),
(459, 'Canada/Newfoundland'),
(460, 'Canada/Pacific'),
(461, 'Canada/Saskatchewan'),
(462, 'Canada/Yukon'),
(463, 'CET'),
(464, 'Chile/Continental'),
(465, 'Chile/EasterIsland'),
(466, 'CST6CDT'),
(467, 'Cuba'),
(468, 'EET'),
(469, 'Egypt'),
(470, 'Eire'),
(471, 'EST'),
(472, 'EST5EDT'),
(473, 'Etc/GMT'),
(474, 'Etc/GMT+0'),
(475, 'Etc/GMT+1'),
(476, 'Etc/GMT+10'),
(477, 'Etc/GMT+11'),
(478, 'Etc/GMT+12'),
(479, 'Etc/GMT+2'),
(480, 'Etc/GMT+3'),
(481, 'Etc/GMT+4'),
(482, 'Etc/GMT+5'),
(483, 'Etc/GMT+6'),
(484, 'Etc/GMT+7'),
(485, 'Etc/GMT+8'),
(486, 'Etc/GMT+9'),
(487, 'Etc/GMT-0'),
(488, 'Etc/GMT-1'),
(489, 'Etc/GMT-10'),
(490, 'Etc/GMT-11'),
(491, 'Etc/GMT-12'),
(492, 'Etc/GMT-13'),
(493, 'Etc/GMT-14'),
(494, 'Etc/GMT-2'),
(495, 'Etc/GMT-3'),
(496, 'Etc/GMT-4'),
(497, 'Etc/GMT-5'),
(498, 'Etc/GMT-6'),
(499, 'Etc/GMT-7'),
(500, 'Etc/GMT-8'),
(501, 'Etc/GMT-9'),
(502, 'Etc/GMT0'),
(503, 'Etc/Greenwich'),
(504, 'Etc/UCT'),
(505, 'Etc/Universal'),
(506, 'Etc/UTC'),
(507, 'Etc/Zulu'),
(508, 'Factory'),
(509, 'GB'),
(510, 'GB-Eire'),
(511, 'GMT'),
(512, 'GMT+0'),
(513, 'GMT-0'),
(514, 'GMT0'),
(515, 'Greenwich'),
(516, 'Hongkong'),
(517, 'HST'),
(518, 'Iceland'),
(519, 'Iran'),
(520, 'Israel'),
(521, 'Jamaica'),
(522, 'Japan'),
(523, 'Kwajalein'),
(524, 'Libya'),
(525, 'MET'),
(526, 'Mexico/BajaNorte'),
(527, 'Mexico/BajaSur'),
(528, 'Mexico/General'),
(529, 'MST'),
(530, 'MST7MDT'),
(531, 'Navajo'),
(532, 'NZ'),
(533, 'NZ-CHAT'),
(534, 'Poland'),
(535, 'Portugal'),
(536, 'PRC'),
(537, 'PST8PDT'),
(538, 'ROC'),
(539, 'ROK'),
(540, 'Singapore'),
(541, 'Turkey'),
(542, 'UCT'),
(543, 'Universal'),
(544, 'US/Alaska'),
(545, 'US/Aleutian'),
(546, 'US/Arizona'),
(547, 'US/Central'),
(548, 'US/East-Indiana'),
(549, 'US/Eastern'),
(550, 'US/Hawaii'),
(551, 'US/Indiana-Starke'),
(552, 'US/Michigan'),
(553, 'US/Mountain'),
(554, 'US/Pacific'),
(555, 'US/Pacific-New'),
(556, 'US/Samoa'),
(557, 'UTC'),
(558, 'W-SU'),
(559, 'WET'),
(560, 'Zulu');

-- --------------------------------------------------------

--
-- Structure de la table `ps_warehouse`
--

CREATE TABLE IF NOT EXISTS `ps_warehouse` (
  `id_warehouse` int(11) unsigned NOT NULL AUTO_INCREMENT,
  `id_currency` int(11) unsigned NOT NULL,
  `id_address` int(11) unsigned NOT NULL,
  `id_employee` int(11) unsigned NOT NULL,
  `reference` varchar(32) DEFAULT NULL,
  `name` varchar(45) NOT NULL,
  `management_type` enum('WA','FIFO','LIFO') NOT NULL DEFAULT 'WA',
  `deleted` tinyint(1) unsigned NOT NULL DEFAULT '0',
  PRIMARY KEY (`id_warehouse`)
) ENGINE=InnoDB DEFAULT CHARSET=utf8 AUTO_INCREMENT=1 ;

-- --------------------------------------------------------

--
-- Structure de la table `ps_warehouse_carrier`
--

CREATE TABLE IF NOT EXISTS `ps_warehouse_carrier` (
  `id_carrier` int(11) unsigned NOT NULL,
  `id_warehouse` int(11) unsigned NOT NULL,
  PRIMARY KEY (`id_warehouse`,`id_carrier`),
  KEY `id_warehouse` (`id_warehouse`),
  KEY `id_carrier` (`id_carrier`)
) ENGINE=InnoDB DEFAULT CHARSET=utf8;

-- --------------------------------------------------------

--
-- Structure de la table `ps_warehouse_product_location`
--

CREATE TABLE IF NOT EXISTS `ps_warehouse_product_location` (
  `id_warehouse_product_location` int(11) unsigned NOT NULL AUTO_INCREMENT,
  `id_product` int(11) unsigned NOT NULL,
  `id_product_attribute` int(11) unsigned NOT NULL,
  `id_warehouse` int(11) unsigned NOT NULL,
  `location` varchar(64) DEFAULT NULL,
  PRIMARY KEY (`id_warehouse_product_location`),
  UNIQUE KEY `id_product` (`id_product`,`id_product_attribute`,`id_warehouse`)
) ENGINE=InnoDB DEFAULT CHARSET=utf8 AUTO_INCREMENT=1 ;

-- --------------------------------------------------------

--
-- Structure de la table `ps_warehouse_shop`
--

CREATE TABLE IF NOT EXISTS `ps_warehouse_shop` (
  `id_shop` int(11) unsigned NOT NULL,
  `id_warehouse` int(11) unsigned NOT NULL,
  PRIMARY KEY (`id_warehouse`,`id_shop`),
  KEY `id_warehouse` (`id_warehouse`),
  KEY `id_shop` (`id_shop`)
) ENGINE=InnoDB DEFAULT CHARSET=utf8;

-- --------------------------------------------------------

--
-- Structure de la table `ps_webservice_account`
--

CREATE TABLE IF NOT EXISTS `ps_webservice_account` (
  `id_webservice_account` int(11) NOT NULL AUTO_INCREMENT,
  `key` varchar(32) NOT NULL,
  `description` text,
  `class_name` varchar(50) NOT NULL DEFAULT 'WebserviceRequest',
  `is_module` tinyint(2) NOT NULL DEFAULT '0',
  `module_name` varchar(50) DEFAULT NULL,
  `active` tinyint(2) NOT NULL,
  PRIMARY KEY (`id_webservice_account`),
  KEY `key` (`key`)
) ENGINE=InnoDB DEFAULT CHARSET=utf8 AUTO_INCREMENT=1 ;

-- --------------------------------------------------------

--
-- Structure de la table `ps_webservice_account_shop`
--

CREATE TABLE IF NOT EXISTS `ps_webservice_account_shop` (
  `id_webservice_account` int(11) unsigned NOT NULL,
  `id_shop` int(11) unsigned NOT NULL,
  PRIMARY KEY (`id_webservice_account`,`id_shop`),
  KEY `id_shop` (`id_shop`)
) ENGINE=InnoDB DEFAULT CHARSET=utf8;

-- --------------------------------------------------------

--
-- Structure de la table `ps_webservice_permission`
--

CREATE TABLE IF NOT EXISTS `ps_webservice_permission` (
  `id_webservice_permission` int(11) NOT NULL AUTO_INCREMENT,
  `resource` varchar(50) NOT NULL,
  `method` enum('GET','POST','PUT','DELETE','HEAD') NOT NULL,
  `id_webservice_account` int(11) NOT NULL,
  PRIMARY KEY (`id_webservice_permission`),
  UNIQUE KEY `resource_2` (`resource`,`method`,`id_webservice_account`),
  KEY `resource` (`resource`),
  KEY `method` (`method`),
  KEY `id_webservice_account` (`id_webservice_account`)
) ENGINE=InnoDB DEFAULT CHARSET=utf8 AUTO_INCREMENT=1 ;

-- --------------------------------------------------------

--
-- Structure de la table `ps_web_browser`
--

CREATE TABLE IF NOT EXISTS `ps_web_browser` (
  `id_web_browser` int(10) unsigned NOT NULL AUTO_INCREMENT,
  `name` varchar(64) DEFAULT NULL,
  PRIMARY KEY (`id_web_browser`)
) ENGINE=InnoDB  DEFAULT CHARSET=utf8 AUTO_INCREMENT=12 ;

--
-- Contenu de la table `ps_web_browser`
--

INSERT INTO `ps_web_browser` (`id_web_browser`, `name`) VALUES
(1, 'Safari'),
(2, 'Safari iPad'),
(3, 'Firefox'),
(4, 'Opera'),
(5, 'IE 6'),
(6, 'IE 7'),
(7, 'IE 8'),
(8, 'IE 9'),
(9, 'IE 10'),
(10, 'IE 11'),
(11, 'Chrome');

-- --------------------------------------------------------

--
-- Structure de la table `ps_wishlist`
--

CREATE TABLE IF NOT EXISTS `ps_wishlist` (
  `id_wishlist` int(10) unsigned NOT NULL AUTO_INCREMENT,
  `id_customer` int(10) unsigned NOT NULL,
  `token` varchar(64) NOT NULL,
  `name` varchar(64) NOT NULL,
  `counter` int(10) unsigned DEFAULT NULL,
  `id_shop` int(10) unsigned DEFAULT '1',
  `id_shop_group` int(10) unsigned DEFAULT '1',
  `date_add` datetime NOT NULL,
  `date_upd` datetime NOT NULL,
  `default` int(10) unsigned DEFAULT '0',
  PRIMARY KEY (`id_wishlist`)
) ENGINE=InnoDB DEFAULT CHARSET=utf8 AUTO_INCREMENT=1 ;

-- --------------------------------------------------------

--
-- Structure de la table `ps_wishlist_email`
--

CREATE TABLE IF NOT EXISTS `ps_wishlist_email` (
  `id_wishlist` int(10) unsigned NOT NULL,
  `email` varchar(128) NOT NULL,
  `date_add` datetime NOT NULL
) ENGINE=InnoDB DEFAULT CHARSET=utf8;

-- --------------------------------------------------------

--
-- Structure de la table `ps_wishlist_product`
--

CREATE TABLE IF NOT EXISTS `ps_wishlist_product` (
  `id_wishlist_product` int(10) NOT NULL AUTO_INCREMENT,
  `id_wishlist` int(10) unsigned NOT NULL,
  `id_product` int(10) unsigned NOT NULL,
  `id_product_attribute` int(10) unsigned NOT NULL,
  `quantity` int(10) unsigned NOT NULL,
  `priority` int(10) unsigned NOT NULL,
  PRIMARY KEY (`id_wishlist_product`)
) ENGINE=InnoDB DEFAULT CHARSET=utf8 AUTO_INCREMENT=1 ;

-- --------------------------------------------------------

--
-- Structure de la table `ps_wishlist_product_cart`
--

CREATE TABLE IF NOT EXISTS `ps_wishlist_product_cart` (
  `id_wishlist_product` int(10) unsigned NOT NULL,
  `id_cart` int(10) unsigned NOT NULL,
  `quantity` int(10) unsigned NOT NULL,
  `date_add` datetime NOT NULL
) ENGINE=InnoDB DEFAULT CHARSET=utf8;

-- --------------------------------------------------------

--
-- Structure de la table `ps_zone`
--

CREATE TABLE IF NOT EXISTS `ps_zone` (
  `id_zone` int(10) unsigned NOT NULL AUTO_INCREMENT,
  `name` varchar(64) NOT NULL,
  `active` tinyint(1) unsigned NOT NULL DEFAULT '0',
  PRIMARY KEY (`id_zone`)
) ENGINE=InnoDB  DEFAULT CHARSET=utf8 AUTO_INCREMENT=9 ;

--
-- Contenu de la table `ps_zone`
--

INSERT INTO `ps_zone` (`id_zone`, `name`, `active`) VALUES
(1, 'Europe', 1),
(2, 'North America', 0),
(3, 'Asia', 0),
(4, 'Africa', 0),
(5, 'Oceania', 0),
(6, 'South America', 0),
(7, 'Europe (non-EU)', 1),
(8, 'Central America/Antilla', 0);

-- --------------------------------------------------------

--
-- Structure de la table `ps_zone_shop`
--

CREATE TABLE IF NOT EXISTS `ps_zone_shop` (
  `id_zone` int(11) unsigned NOT NULL,
  `id_shop` int(11) unsigned NOT NULL,
  PRIMARY KEY (`id_zone`,`id_shop`),
  KEY `id_shop` (`id_shop`)
) ENGINE=InnoDB DEFAULT CHARSET=utf8;

--
-- Contenu de la table `ps_zone_shop`
--

INSERT INTO `ps_zone_shop` (`id_zone`, `id_shop`) VALUES
(1, 1),
(2, 1),
(3, 1),
(4, 1),
(5, 1),
(6, 1),
(7, 1),
(8, 1);

/*!40101 SET CHARACTER_SET_CLIENT=@OLD_CHARACTER_SET_CLIENT */;
/*!40101 SET CHARACTER_SET_RESULTS=@OLD_CHARACTER_SET_RESULTS */;
/*!40101 SET COLLATION_CONNECTION=@OLD_COLLATION_CONNECTION */;
